-- phpMyAdmin SQL Dump
-- version 4.7.7
-- https://www.phpmyadmin.net/
--
-- Host: localhost
-- Generation Time: Jul 14, 2020 at 07:03 PM
-- Server version: 10.1.30-MariaDB
-- PHP Version: 7.1.13

SET SQL_MODE = "NO_AUTO_VALUE_ON_ZERO";
SET AUTOCOMMIT = 0;
START TRANSACTION;
SET time_zone = "+00:00";


/*!40101 SET @OLD_CHARACTER_SET_CLIENT=@@CHARACTER_SET_CLIENT */;
/*!40101 SET @OLD_CHARACTER_SET_RESULTS=@@CHARACTER_SET_RESULTS */;
/*!40101 SET @OLD_COLLATION_CONNECTION=@@COLLATION_CONNECTION */;
/*!40101 SET NAMES utf8mb4 */;

--
-- Database: `eapi`
--

-- --------------------------------------------------------

--
-- Table structure for table `migrations`
--

CREATE TABLE `migrations` (
  `id` int(10) UNSIGNED NOT NULL,
  `migration` varchar(191) COLLATE utf8mb4_unicode_ci NOT NULL,
  `batch` int(11) NOT NULL
) ENGINE=InnoDB DEFAULT CHARSET=utf8mb4 COLLATE=utf8mb4_unicode_ci;

--
-- Dumping data for table `migrations`
--

INSERT INTO `migrations` (`id`, `migration`, `batch`) VALUES
(1, '2014_10_12_000000_create_users_table', 1),
(2, '2014_10_12_100000_create_password_resets_table', 1),
(3, '2020_07_14_160141_create_products_table', 1),
(4, '2020_07_14_160217_create_reviews_table', 1);

-- --------------------------------------------------------

--
-- Table structure for table `password_resets`
--

CREATE TABLE `password_resets` (
  `email` varchar(191) COLLATE utf8mb4_unicode_ci NOT NULL,
  `token` varchar(191) COLLATE utf8mb4_unicode_ci NOT NULL,
  `created_at` timestamp NULL DEFAULT NULL
) ENGINE=InnoDB DEFAULT CHARSET=utf8mb4 COLLATE=utf8mb4_unicode_ci;

-- --------------------------------------------------------

--
-- Table structure for table `products`
--

CREATE TABLE `products` (
  `id` int(10) UNSIGNED NOT NULL,
  `name` varchar(191) COLLATE utf8mb4_unicode_ci NOT NULL,
  `detail` text COLLATE utf8mb4_unicode_ci NOT NULL,
  `price` int(11) NOT NULL,
  `stock` int(11) NOT NULL,
  `discount` int(11) NOT NULL,
  `created_at` timestamp NULL DEFAULT NULL,
  `updated_at` timestamp NULL DEFAULT NULL
) ENGINE=InnoDB DEFAULT CHARSET=utf8mb4 COLLATE=utf8mb4_unicode_ci;

--
-- Dumping data for table `products`
--

INSERT INTO `products` (`id`, `name`, `detail`, `price`, `stock`, `discount`, `created_at`, `updated_at`) VALUES
(1, 'doloribus', 'Quis qui iusto nemo ut. Vel qui autem labore non reiciendis ut. Occaecati eum ea aspernatur vel. Provident culpa eaque quis perferendis vero rem.', 146, 8, 21, '2020-07-14 09:01:14', '2020-07-14 09:01:14'),
(2, 'similique', 'Dolor molestias odio debitis temporibus. Consequatur cumque molestiae qui veniam consequatur rerum. Non voluptatem pariatur perspiciatis optio qui dolor.', 762, 4, 29, '2020-07-14 09:01:14', '2020-07-14 09:01:14'),
(3, 'iure', 'Necessitatibus quidem soluta temporibus cupiditate ratione ut eos. Odit ea velit expedita reprehenderit. Sint rerum ipsum ipsa delectus harum.', 208, 0, 26, '2020-07-14 09:01:14', '2020-07-14 09:01:14'),
(4, 'minima', 'Deleniti fugit quibusdam qui quas id. Omnis vel aut quis tempore necessitatibus voluptatem doloribus quis. Ab odio sint qui maiores est sequi. Dolores animi atque quod qui excepturi.', 446, 5, 2, '2020-07-14 09:01:14', '2020-07-14 09:01:14'),
(5, 'reiciendis', 'Cum quisquam in harum corporis aut enim et et. Inventore qui asperiores atque nulla.', 867, 5, 12, '2020-07-14 09:01:14', '2020-07-14 09:01:14'),
(6, 'soluta', 'Velit omnis aut error impedit consequatur atque rem. Officiis dolor enim est quod iste doloribus.', 413, 6, 11, '2020-07-14 09:01:14', '2020-07-14 09:01:14'),
(7, 'impedit', 'Dolorem ea rerum consequatur est velit ea praesentium. Qui officiis dicta sunt quam. Et et non reprehenderit ipsa magni est.', 645, 7, 8, '2020-07-14 09:01:14', '2020-07-14 09:01:14'),
(8, 'nulla', 'Odit deserunt minima architecto aspernatur quae praesentium. Similique perspiciatis asperiores voluptatem voluptatibus aliquid modi. Inventore aut et consequuntur earum eligendi.', 493, 2, 12, '2020-07-14 09:01:14', '2020-07-14 09:01:14'),
(9, 'necessitatibus', 'Rem perferendis accusamus non iusto iste. Exercitationem cumque rem ducimus consectetur in adipisci officia.', 941, 7, 11, '2020-07-14 09:01:14', '2020-07-14 09:01:14'),
(10, 'officia', 'Sed omnis corporis et et. Temporibus voluptatem est illo cum. Enim dolorem recusandae est doloremque et omnis porro. Id nihil et molestiae odit ex atque illum.', 699, 3, 25, '2020-07-14 09:01:14', '2020-07-14 09:01:14'),
(11, 'adipisci', 'Nulla rerum unde quibusdam aut sint. Expedita perspiciatis voluptatem sed eveniet et laudantium. A sapiente sed voluptatem officia quasi. Nobis qui iusto magni.', 334, 7, 20, '2020-07-14 09:01:14', '2020-07-14 09:01:14'),
(12, 'perferendis', 'Consectetur consequatur omnis quas magni libero tenetur. Illum et sequi a delectus unde et repellat aut. Illum corporis facilis minima enim enim quo. Amet magnam temporibus saepe repellendus. Quis omnis iusto explicabo quo qui.', 838, 1, 13, '2020-07-14 09:01:14', '2020-07-14 09:01:14'),
(13, 'sunt', 'Omnis placeat culpa dolor harum et nihil quasi. Quis aut beatae magnam occaecati. Harum veniam optio quaerat porro non accusantium numquam sit.', 954, 9, 26, '2020-07-14 09:01:14', '2020-07-14 09:01:14'),
(14, 'non', 'Quaerat tenetur laboriosam voluptatibus voluptatem totam provident. Non rerum in excepturi et tenetur velit temporibus distinctio. Rerum aut dicta tenetur quis. Provident et ut pariatur consequatur deleniti mollitia.', 655, 1, 17, '2020-07-14 09:01:14', '2020-07-14 09:01:14'),
(15, 'tenetur', 'Illum facere consequatur sunt illum culpa itaque ut quos. Mollitia ut quod voluptatum. Non ipsam voluptatem consectetur modi ad blanditiis animi. Est minima quisquam neque veniam inventore.', 488, 7, 6, '2020-07-14 09:01:14', '2020-07-14 09:01:14'),
(16, 'distinctio', 'Illo delectus est dolorem voluptatem. Rem incidunt vel deleniti nisi ullam enim. Eos praesentium necessitatibus cupiditate placeat culpa quis. Libero corrupti sapiente distinctio corrupti repellendus cumque veniam.', 332, 9, 29, '2020-07-14 09:01:14', '2020-07-14 09:01:14'),
(17, 'veniam', 'Occaecati tenetur consequatur laborum. In illum suscipit illum. Alias nam consequatur incidunt est quia molestias repellendus nemo.', 916, 2, 13, '2020-07-14 09:01:14', '2020-07-14 09:01:14'),
(18, 'voluptates', 'Minus quibusdam id amet voluptas error nam mollitia quae. Eligendi corrupti repellendus neque velit unde facilis placeat maxime. Nostrum ea voluptatem sit quia explicabo vero hic. Quo consequuntur aliquam et maiores officia aut.', 876, 0, 10, '2020-07-14 09:01:14', '2020-07-14 09:01:14'),
(19, 'minus', 'Commodi facere accusamus dicta dolores qui quia sit facilis. Dolorum perspiciatis dicta voluptas omnis maiores odio.', 143, 5, 14, '2020-07-14 09:01:14', '2020-07-14 09:01:14'),
(20, 'ipsa', 'Rerum magnam quibusdam itaque qui autem nisi. Molestiae reiciendis accusantium aut qui veritatis possimus. Quas quod veniam nam consequatur voluptates in. Voluptatem aliquam et incidunt incidunt incidunt ut.', 255, 7, 27, '2020-07-14 09:01:14', '2020-07-14 09:01:14'),
(21, 'aut', 'Nisi repudiandae rerum dolorem voluptatem omnis ut non. Molestiae neque quisquam sint rerum non repudiandae porro.', 636, 2, 13, '2020-07-14 09:01:14', '2020-07-14 09:01:14'),
(22, 'exercitationem', 'Molestias tempora facere consequatur. Nulla consequatur soluta iste nemo omnis. Aut necessitatibus rerum autem ut sunt ut. Quia velit libero occaecati omnis ea. Non blanditiis unde qui debitis soluta repellat dolorem dolor.', 161, 5, 10, '2020-07-14 09:01:14', '2020-07-14 09:01:14'),
(23, 'ullam', 'Et officia esse qui deserunt voluptatem sed laudantium. Nisi qui tempore id sunt.', 158, 9, 20, '2020-07-14 09:01:14', '2020-07-14 09:01:14'),
(24, 'omnis', 'Quia tempore dolorem consequuntur cumque ut. Quis qui et quidem reprehenderit qui distinctio labore. Est dolores repellat non impedit quam voluptates.', 287, 9, 20, '2020-07-14 09:01:14', '2020-07-14 09:01:14'),
(25, 'atque', 'Natus qui soluta dolore expedita eos. Aut temporibus voluptatem neque. Dolores est rerum praesentium odio commodi aliquam.', 536, 6, 21, '2020-07-14 09:01:14', '2020-07-14 09:01:14'),
(26, 'quis', 'Neque autem officiis sunt molestiae voluptatem. Voluptatibus corrupti nesciunt et id. Ut delectus at vel quidem. Sint qui voluptatum vel praesentium.', 768, 5, 28, '2020-07-14 09:01:14', '2020-07-14 09:01:14'),
(27, 'iste', 'In earum aut voluptas qui necessitatibus. Voluptatem sed neque sit voluptatibus repudiandae. Tempora libero eos sequi et est. Dolore ut ut harum eaque qui et qui.', 103, 1, 23, '2020-07-14 09:01:14', '2020-07-14 09:01:14'),
(28, 'ipsa', 'Blanditiis et architecto dolor consequatur minima et. Voluptatem aut corrupti suscipit quia earum. Est aliquam quod voluptas temporibus sunt. Consequatur explicabo alias quis repellat nam sit velit.', 641, 4, 24, '2020-07-14 09:01:14', '2020-07-14 09:01:14'),
(29, 'praesentium', 'Dolorem et qui eum impedit praesentium dolor. Nam nemo officiis doloribus temporibus deserunt illo et dignissimos. Vel sint minus quibusdam nobis velit dolore. Exercitationem distinctio qui reiciendis temporibus voluptatem.', 370, 4, 2, '2020-07-14 09:01:14', '2020-07-14 09:01:14'),
(30, 'aliquam', 'Neque mollitia quidem quia asperiores suscipit enim. Rerum perspiciatis aliquam aliquid eum itaque cumque. Corrupti rerum ab consequatur deleniti.', 922, 8, 12, '2020-07-14 09:01:14', '2020-07-14 09:01:14'),
(31, 'iure', 'Ea ut magnam soluta sunt maxime. Minima velit at consequuntur inventore iste reprehenderit. Est perspiciatis repellat voluptas eaque minima ab. Perferendis ea sit adipisci esse non quia.', 914, 3, 29, '2020-07-14 09:01:14', '2020-07-14 09:01:14'),
(32, 'quia', 'Magni dolorum laboriosam quia optio culpa voluptatem. Illo sunt adipisci assumenda velit esse officiis optio aut. Nobis et nulla pariatur aperiam repellat. Deleniti molestiae rerum quia ex et.', 352, 7, 28, '2020-07-14 09:01:14', '2020-07-14 09:01:14'),
(33, 'nobis', 'Impedit incidunt deserunt rerum facere velit inventore illo. Quis cum sed corrupti natus dolores pariatur perspiciatis hic. Cum nobis suscipit totam ea maxime harum assumenda. Et nam et cum dolor quod quam placeat rem.', 481, 3, 30, '2020-07-14 09:01:14', '2020-07-14 09:01:14'),
(34, 'sit', 'Dolorem ut facilis error. Aspernatur perspiciatis deserunt facere velit aut suscipit vitae. Incidunt deserunt aliquid possimus itaque dolore.', 271, 7, 9, '2020-07-14 09:01:14', '2020-07-14 09:01:14'),
(35, 'maxime', 'Aperiam doloribus eius quia repellat sed possimus. Velit doloribus enim reiciendis sed. Minus vel ullam sint qui non beatae.', 264, 5, 13, '2020-07-14 09:01:14', '2020-07-14 09:01:14'),
(36, 'dolorem', 'Nulla voluptatem sit dignissimos nihil itaque excepturi. Omnis totam est reprehenderit aperiam ea eius ipsam. Voluptas quasi et aut voluptatem voluptatem ipsum.', 455, 7, 25, '2020-07-14 09:01:14', '2020-07-14 09:01:14'),
(37, 'eum', 'Ipsam ut ipsa aliquid aliquam. Doloremque aut beatae aut optio in dolores. Molestias qui voluptatem et voluptatem necessitatibus.', 479, 3, 5, '2020-07-14 09:01:14', '2020-07-14 09:01:14'),
(38, 'distinctio', 'Ad sint officia repellat repellat sed commodi aliquid. Enim aliquam soluta magni quo. Vero dolorem sint itaque. Et et ut quaerat odio cupiditate.', 443, 9, 28, '2020-07-14 09:01:14', '2020-07-14 09:01:14'),
(39, 'enim', 'Numquam voluptatem dicta saepe fugiat debitis. Veniam pariatur sunt cupiditate est. Non libero sequi ducimus quasi. Labore omnis vero nemo.', 641, 1, 4, '2020-07-14 09:01:14', '2020-07-14 09:01:14'),
(40, 'debitis', 'Aspernatur ullam illo occaecati eos quia repellat maiores. Reprehenderit consequatur illo voluptas sunt autem sequi necessitatibus consequatur. Voluptate quisquam ut cum aliquid fugit est sapiente.', 407, 4, 28, '2020-07-14 09:01:14', '2020-07-14 09:01:14'),
(41, 'praesentium', 'Dicta quas qui ut. Repudiandae aut soluta eos architecto ut molestiae voluptas rem. Vitae maiores quia dolorum aut omnis autem nisi.', 830, 2, 9, '2020-07-14 09:01:14', '2020-07-14 09:01:14'),
(42, 'sit', 'Repudiandae quas iusto perferendis illo dolorem. Dignissimos consequatur facere maiores rerum modi quas tempora. Hic illum dolor qui ut error voluptatem dolores. Enim consequatur ut consectetur sit nesciunt molestias.', 803, 3, 19, '2020-07-14 09:01:14', '2020-07-14 09:01:14'),
(43, 'qui', 'Quos sapiente quidem facere est. Corrupti voluptatem at quos dolorem incidunt quo dolores officiis. Asperiores sapiente debitis cumque repellat. Molestias ipsam perspiciatis officia praesentium.', 950, 1, 2, '2020-07-14 09:01:14', '2020-07-14 09:01:14'),
(44, 'quis', 'Debitis quas odit itaque non. Nemo culpa qui et temporibus reiciendis esse.', 292, 9, 3, '2020-07-14 09:01:14', '2020-07-14 09:01:14'),
(45, 'nostrum', 'Accusantium dolor eaque perferendis. Assumenda incidunt ex voluptas quisquam. Libero nulla rerum iure quia accusamus.', 870, 9, 30, '2020-07-14 09:01:14', '2020-07-14 09:01:14'),
(46, 'beatae', 'In iusto nemo reprehenderit qui. Numquam aspernatur expedita rerum quibusdam qui.', 735, 0, 18, '2020-07-14 09:01:14', '2020-07-14 09:01:14'),
(47, 'nobis', 'Amet nulla similique repellat provident accusantium perferendis. Id omnis aut nihil sed. Similique dolor cupiditate officia officiis molestiae explicabo. Dolores est incidunt totam dignissimos ad.', 361, 1, 19, '2020-07-14 09:01:14', '2020-07-14 09:01:14'),
(48, 'omnis', 'Odit dolore ut et nulla totam quia. Nobis dolorum sed nostrum. Quae tempora necessitatibus nisi repellendus maiores delectus aut. Vero quis aut tenetur accusantium. Neque qui est quibusdam praesentium sint.', 392, 2, 15, '2020-07-14 09:01:14', '2020-07-14 09:01:14'),
(49, 'laudantium', 'Sint minima dolores accusamus reiciendis nam excepturi fugiat velit. Voluptas eaque minima ipsa quis laborum inventore velit. Nam nihil placeat amet voluptas alias autem voluptatibus. Commodi rerum accusantium quaerat esse fuga omnis nemo.', 994, 2, 23, '2020-07-14 09:01:14', '2020-07-14 09:01:14'),
(50, 'ut', 'Voluptatem cum asperiores reprehenderit dolor similique. Molestiae in omnis qui aut. Dolores quos est facilis quam sint.', 690, 3, 11, '2020-07-14 09:01:14', '2020-07-14 09:01:14');

-- --------------------------------------------------------

--
-- Table structure for table `reviews`
--

CREATE TABLE `reviews` (
  `id` int(10) UNSIGNED NOT NULL,
  `product_id` int(10) UNSIGNED NOT NULL,
  `customer` varchar(191) COLLATE utf8mb4_unicode_ci NOT NULL,
  `review` text COLLATE utf8mb4_unicode_ci NOT NULL,
  `star` int(11) NOT NULL,
  `created_at` timestamp NULL DEFAULT NULL,
  `updated_at` timestamp NULL DEFAULT NULL
) ENGINE=InnoDB DEFAULT CHARSET=utf8mb4 COLLATE=utf8mb4_unicode_ci;

--
-- Dumping data for table `reviews`
--

INSERT INTO `reviews` (`id`, `product_id`, `customer`, `review`, `star`, `created_at`, `updated_at`) VALUES
(1, 9, 'Flavie Wunsch', 'Exercitationem nostrum quibusdam quibusdam aspernatur est eius rem. Culpa et accusantium qui adipisci. Suscipit commodi qui molestiae mollitia perferendis ea odio. Qui libero et et.', 5, '2020-07-14 09:01:14', '2020-07-14 09:01:14'),
(2, 45, 'Braxton Legros', 'Culpa omnis ut dolorem ut. Iste deleniti mollitia mollitia. Et beatae quisquam magnam facilis voluptatem.', 5, '2020-07-14 09:01:14', '2020-07-14 09:01:14'),
(3, 4, 'Hobart Emmerich Jr.', 'Sapiente doloribus ex illum impedit cumque. Accusamus fuga qui ea voluptates. Ducimus et id minima illo exercitationem maxime aut deserunt.', 1, '2020-07-14 09:01:14', '2020-07-14 09:01:14'),
(4, 5, 'Dr. Craig Schneider V', 'Delectus voluptatum deleniti vel repudiandae earum. Earum neque animi et inventore dolor fugit totam. Inventore rem dolorum autem. Soluta non voluptatem et dolores dolor beatae et.', 1, '2020-07-14 09:01:14', '2020-07-14 09:01:14'),
(5, 1, 'Hester Langosh', 'Inventore iure ut sed aut sunt. Suscipit temporibus veritatis omnis fugiat veniam. Aut explicabo in reiciendis omnis rerum. Sed ut molestiae quia omnis ex incidunt sint. Neque nisi cum et et quo praesentium numquam.', 5, '2020-07-14 09:01:14', '2020-07-14 09:01:14'),
(6, 24, 'Alfonzo Satterfield', 'Velit possimus et culpa vitae nihil quo. Omnis perferendis animi temporibus impedit iure aut. Incidunt optio quis commodi necessitatibus est. Ratione earum maxime qui velit.', 5, '2020-07-14 09:01:14', '2020-07-14 09:01:14'),
(7, 27, 'Vince Kulas', 'Est maiores et in et. Facere est occaecati laborum. Cum nisi beatae cumque et reprehenderit. Itaque repellendus maiores ratione nostrum.', 1, '2020-07-14 09:01:14', '2020-07-14 09:01:14'),
(8, 44, 'Samir Krajcik DDS', 'Quia officiis non veniam sunt in ut voluptate. Numquam quo sit illum aspernatur pariatur modi. Laboriosam et eligendi ipsa explicabo. Molestiae natus unde commodi.', 5, '2020-07-14 09:01:14', '2020-07-14 09:01:14'),
(9, 15, 'Hertha Wisoky', 'Ea ea quos harum quia odio. Quo enim velit illum et excepturi. Commodi ad commodi rem officia. Voluptate perspiciatis id inventore temporibus eligendi quaerat.', 1, '2020-07-14 09:01:14', '2020-07-14 09:01:14'),
(10, 49, 'Brian Morar', 'Et odio voluptates eveniet. Cumque est omnis iusto qui alias. Suscipit sint cumque ab provident quae. Qui aut voluptatibus alias inventore consequatur non id saepe.', 2, '2020-07-14 09:01:14', '2020-07-14 09:01:14'),
(11, 35, 'Elroy Corwin', 'Ipsa sapiente natus vel labore quia sit velit. Sunt atque corrupti sequi sunt. Nisi aliquam vero error id voluptatem. Minus eos voluptatem veritatis dolorum veniam. Similique dolor non exercitationem deserunt quasi ut.', 3, '2020-07-14 09:01:14', '2020-07-14 09:01:14'),
(12, 4, 'Prof. Kailyn Maggio II', 'Tempore eveniet vitae dolores aliquam dignissimos. Qui architecto illum repellat modi. Occaecati consequatur magni quia corporis occaecati. Ratione ducimus laudantium molestias autem dolores error doloribus eum.', 4, '2020-07-14 09:01:14', '2020-07-14 09:01:14'),
(13, 46, 'Roselyn Cruickshank', 'Ad ducimus qui architecto ab. Atque rerum et suscipit architecto ipsam debitis. Ut voluptas nostrum et itaque nulla.', 4, '2020-07-14 09:01:14', '2020-07-14 09:01:14'),
(14, 16, 'Sasha Jacobson', 'Facilis deleniti minus in voluptatem aut aut libero optio. Quo hic impedit error aut reprehenderit. Ea ratione suscipit unde odit aliquam maxime. Placeat eum voluptate omnis.', 1, '2020-07-14 09:01:14', '2020-07-14 09:01:14'),
(15, 3, 'Prof. Francisca Stokes Sr.', 'Adipisci quia qui aperiam quidem veniam voluptate. Quis necessitatibus mollitia molestias.', 2, '2020-07-14 09:01:14', '2020-07-14 09:01:14'),
(16, 5, 'Krystel Wisozk III', 'Illo at at sit. Sit possimus est impedit.', 0, '2020-07-14 09:01:14', '2020-07-14 09:01:14'),
(17, 19, 'Helena Weimann', 'Et exercitationem unde harum quia tenetur. Magni quasi tempora voluptatem velit. Est sed eos ut atque deleniti. Nemo explicabo quaerat cumque qui quae magni.', 4, '2020-07-14 09:01:14', '2020-07-14 09:01:14'),
(18, 35, 'Horace Spinka', 'Dignissimos blanditiis sed culpa aliquam molestiae modi et. Ut ut rem et facere. Ut explicabo temporibus iste corporis.', 4, '2020-07-14 09:01:14', '2020-07-14 09:01:14'),
(19, 38, 'Dan Gulgowski', 'Illum iste est eligendi voluptatem officiis eum in. Minima dolores rerum enim qui corrupti rerum. Vel nulla dolor magni quibusdam est.', 1, '2020-07-14 09:01:14', '2020-07-14 09:01:14'),
(20, 1, 'Maybell Kuhlman', 'Sed voluptatem nihil sit sunt qui. Dolor est culpa qui. Ut qui est nobis sequi. Quasi est autem fugiat aut minus voluptas.', 3, '2020-07-14 09:01:14', '2020-07-14 09:01:14'),
(21, 21, 'Maude Ward PhD', 'Vero et sit quod ut molestiae laborum rerum. Fuga enim harum corporis nisi laboriosam. Eveniet omnis optio voluptatum aut architecto maiores consectetur. Sit voluptates itaque quod et dolorem consequatur quas impedit.', 3, '2020-07-14 09:01:14', '2020-07-14 09:01:14'),
(22, 43, 'Travis Pouros', 'Blanditiis quisquam ex iure deleniti aliquid rerum. Autem qui perspiciatis cumque aliquid repudiandae. Voluptatum aut ullam veritatis quidem.', 3, '2020-07-14 09:01:14', '2020-07-14 09:01:14'),
(23, 2, 'Jeremy Harris', 'Odit vel nam eveniet voluptate ex enim natus voluptatibus. Sint optio nihil velit dolores et ipsa. Est rerum delectus repellat dolor. Quae ipsa est et rerum voluptatem illum omnis. Soluta libero et eaque.', 4, '2020-07-14 09:01:15', '2020-07-14 09:01:15'),
(24, 9, 'Gerson Schiller II', 'Rerum sint nihil quisquam exercitationem rerum et earum. Excepturi dolorem quae et iure nobis id quis dolores. Nam et magnam autem sed eum delectus.', 5, '2020-07-14 09:01:15', '2020-07-14 09:01:15'),
(25, 50, 'Major Schulist', 'Nobis recusandae explicabo rerum dicta voluptates. Sint consequuntur beatae iusto omnis libero. Maiores et similique molestiae nulla quas harum.', 2, '2020-07-14 09:01:15', '2020-07-14 09:01:15'),
(26, 16, 'Dr. Edward Brakus', 'Nemo est doloribus sint totam et aut est. Non quidem et esse unde. Voluptas blanditiis molestias repudiandae odio omnis. Minus adipisci quaerat nam repellat minima.', 4, '2020-07-14 09:01:15', '2020-07-14 09:01:15'),
(27, 36, 'Hank Treutel V', 'Nulla blanditiis architecto ex quia ullam. Ab quibusdam quia sed quos. Illo dolores est deleniti ut. Suscipit temporibus omnis minus neque.', 4, '2020-07-14 09:01:15', '2020-07-14 09:01:15'),
(28, 44, 'Ricky Johnston V', 'Sed repellendus veniam fugiat fuga iure. Ad vel at est et quis aut aliquam. Quidem et consequatur quia iure sunt et. Fugiat inventore voluptas non possimus laborum rem.', 5, '2020-07-14 09:01:15', '2020-07-14 09:01:15'),
(29, 33, 'Ralph Bogisich', 'Et culpa ea architecto odio. Quo non porro enim voluptas consequatur dignissimos autem. Esse unde facere neque voluptas. Rerum tempore dolorum natus ipsa eum.', 0, '2020-07-14 09:01:15', '2020-07-14 09:01:15'),
(30, 7, 'Ima Stiedemann', 'Incidunt recusandae molestiae delectus aut. Dolorum ex deserunt molestiae et. Est quo reiciendis voluptatem perspiciatis minus.', 5, '2020-07-14 09:01:15', '2020-07-14 09:01:15'),
(31, 30, 'Zechariah Reichert', 'Animi quae omnis esse asperiores praesentium modi. Libero voluptas laborum accusamus ut quasi nulla dicta id. Repellendus numquam labore non enim id qui.', 3, '2020-07-14 09:01:15', '2020-07-14 09:01:15'),
(32, 5, 'Keith Gusikowski', 'Dignissimos quo assumenda qui est molestiae ratione sint. Ut ut qui eveniet aperiam quae iusto. Architecto eum eum voluptates quia ea dolore. Natus qui sint sapiente.', 1, '2020-07-14 09:01:15', '2020-07-14 09:01:15'),
(33, 40, 'Dr. Sadie Mertz DDS', 'Laboriosam impedit quibusdam aut eum sed cumque. Nisi optio magni nemo sit. Quia sunt rerum quos aliquid expedita minus et. Eum nihil voluptas nobis vitae quae architecto sit.', 1, '2020-07-14 09:01:15', '2020-07-14 09:01:15'),
(34, 16, 'Annabell Considine', 'Unde ut voluptatem voluptate ut. Voluptatum sit ut voluptatem saepe.', 4, '2020-07-14 09:01:15', '2020-07-14 09:01:15'),
(35, 45, 'Nyah Miller', 'Aspernatur blanditiis et enim ad assumenda perferendis deleniti. Laudantium accusantium alias iusto non aut est similique. Eos est quidem esse molestiae at eius rerum.', 2, '2020-07-14 09:01:15', '2020-07-14 09:01:15'),
(36, 3, 'Nayeli Schulist PhD', 'Quam id cumque aut eum qui quis. Et dolor quos perferendis expedita. Quae nulla sunt eos doloribus et in odio est.', 5, '2020-07-14 09:01:15', '2020-07-14 09:01:15'),
(37, 1, 'Aimee Langworth Jr.', 'Et ipsam omnis similique ea deserunt dolor laudantium nemo. Est voluptas quia eum eligendi cumque qui optio ut. Est labore eligendi quibusdam ut veritatis qui. Odio quae esse voluptatum aut quos aut est.', 0, '2020-07-14 09:01:15', '2020-07-14 09:01:15'),
(38, 9, 'Jamarcus Hoeger', 'Natus autem tempora eum velit sint est temporibus. Similique dicta dolorum asperiores. Nisi et consequatur odit repellat tempora. Unde dolores nihil rerum quam et velit voluptas.', 1, '2020-07-14 09:01:15', '2020-07-14 09:01:15'),
(39, 7, 'Dr. Laurine Hettinger', 'Itaque fuga iure consectetur sapiente. Ad laboriosam nesciunt ab. Suscipit sit laboriosam adipisci iusto ut. Est soluta nihil est est.', 2, '2020-07-14 09:01:15', '2020-07-14 09:01:15'),
(40, 36, 'Wanda Huel', 'Quis repellat nesciunt suscipit. Aut explicabo et consequatur ipsa veritatis quia ea. Occaecati voluptas repellat eos hic. Et et molestiae est dolore. Et nulla modi vel qui alias.', 5, '2020-07-14 09:01:15', '2020-07-14 09:01:15'),
(41, 37, 'Eudora Mitchell', 'Omnis repudiandae velit corporis sunt aliquam. Occaecati assumenda enim maiores sit. Labore deleniti voluptatem qui minus. Necessitatibus ut doloremque explicabo officia sed.', 2, '2020-07-14 09:01:15', '2020-07-14 09:01:15'),
(42, 40, 'Mrs. Lizeth Doyle V', 'Exercitationem numquam perferendis aperiam mollitia numquam quis quam. Itaque molestiae consectetur deleniti dolorem cumque. Sunt cum cum nemo et enim laudantium ea. Quae quos harum et inventore totam.', 1, '2020-07-14 09:01:15', '2020-07-14 09:01:15'),
(43, 18, 'Miss Agustina Leffler DVM', 'Aut beatae possimus eius nihil aut. Optio et repellat culpa voluptatibus nihil quos consectetur atque. In animi repellat quaerat nihil rerum modi. Ab enim dolor et id.', 1, '2020-07-14 09:01:15', '2020-07-14 09:01:15'),
(44, 8, 'Kattie Gaylord', 'Sunt sit reprehenderit temporibus et. Ut voluptas ea corrupti quia molestiae. Natus aut deleniti quis rerum non quis voluptatem.', 5, '2020-07-14 09:01:15', '2020-07-14 09:01:15'),
(45, 17, 'Darrin Tremblay', 'Natus exercitationem sunt libero perspiciatis fugiat voluptatem consequuntur. Harum quam et voluptatem nam. Voluptas minima vel nisi tempora.', 1, '2020-07-14 09:01:15', '2020-07-14 09:01:15'),
(46, 26, 'Prof. Lou Swaniawski IV', 'Unde ut ipsa consequuntur accusamus exercitationem ab. Quae magni voluptatem et illum consequatur est sequi. Corporis iusto voluptatem cumque nesciunt id in et placeat.', 1, '2020-07-14 09:01:15', '2020-07-14 09:01:15'),
(47, 35, 'Zaria Larkin', 'Soluta ut omnis et cupiditate. Quos quam voluptates beatae aut beatae et. Voluptatibus sunt fuga magnam recusandae doloremque delectus. Doloribus molestias repudiandae officiis aut totam ea velit harum.', 3, '2020-07-14 09:01:15', '2020-07-14 09:01:15'),
(48, 50, 'Neoma Daugherty', 'Minima qui dolores omnis temporibus pariatur. Voluptates et autem nobis in. Deleniti vitae quia aut magnam esse et sapiente. Pariatur ipsum voluptatem temporibus qui blanditiis corporis voluptates.', 3, '2020-07-14 09:01:15', '2020-07-14 09:01:15'),
(49, 11, 'Laura Abshire', 'Id fuga quia temporibus ut expedita. Necessitatibus reprehenderit modi et id saepe.', 3, '2020-07-14 09:01:15', '2020-07-14 09:01:15'),
(50, 27, 'Colten Rowe', 'Eos aut nihil corrupti est. Iure itaque eum optio ratione assumenda. Eos repudiandae non provident expedita dicta itaque. At dolorum iure laboriosam perferendis aliquam beatae laudantium.', 1, '2020-07-14 09:01:15', '2020-07-14 09:01:15'),
(51, 18, 'Casper Schmidt', 'Commodi ea sit numquam. Officiis quo impedit eos. Laudantium velit qui enim dolor. Architecto saepe dolores non quam eos. Provident sunt velit architecto aut.', 5, '2020-07-14 09:01:15', '2020-07-14 09:01:15'),
(52, 6, 'Dr. Marcellus Wiegand', 'Fuga totam aut maxime id. Ut aut aut voluptates quaerat aliquid autem. Consectetur est sapiente cupiditate saepe.', 4, '2020-07-14 09:01:15', '2020-07-14 09:01:15'),
(53, 2, 'Dangelo Bednar', 'Quas expedita voluptates soluta sunt dolor. Incidunt hic earum aut qui consequatur temporibus sint. Nihil ullam est consequatur a ad.', 0, '2020-07-14 09:01:15', '2020-07-14 09:01:15'),
(54, 50, 'Mara Rolfson', 'Eveniet corrupti sed ab. Debitis aut tempore quia ipsa enim voluptates maiores. Quia repellendus magni ea illum. Doloremque quod voluptatibus aut labore architecto consequatur consequatur.', 0, '2020-07-14 09:01:15', '2020-07-14 09:01:15'),
(55, 41, 'Prof. Jovani Beahan', 'Tempora quas praesentium eos qui. Et itaque modi repellat enim. Qui earum et quis.', 1, '2020-07-14 09:01:15', '2020-07-14 09:01:15'),
(56, 43, 'Dr. Summer Johnston', 'Dolorem quia doloremque ea voluptates. Atque facere voluptates provident iusto quo culpa est fuga. Sunt earum voluptatem voluptas.', 5, '2020-07-14 09:01:15', '2020-07-14 09:01:15'),
(57, 47, 'Jason Runolfsson', 'Sint quibusdam eos nulla beatae omnis odit vel. Odit dolorem nihil iusto blanditiis. Similique aut hic laborum aliquid blanditiis dolore.', 1, '2020-07-14 09:01:15', '2020-07-14 09:01:15'),
(58, 2, 'Alverta Beatty', 'Sed consequatur quia perspiciatis. Cumque est soluta est nihil reprehenderit suscipit totam. Molestiae hic minus voluptas et laboriosam. Omnis repellendus pariatur veniam aut. Cupiditate aliquam illo laudantium quis debitis aut.', 3, '2020-07-14 09:01:15', '2020-07-14 09:01:15'),
(59, 7, 'Winnifred Lemke', 'Eum nam delectus a amet odio est id. Sint dolore recusandae quas blanditiis dolore praesentium quo. Laboriosam quo blanditiis aspernatur voluptatem. Ullam perspiciatis hic beatae qui necessitatibus incidunt.', 4, '2020-07-14 09:01:15', '2020-07-14 09:01:15'),
(60, 34, 'Prof. Aubree Toy Sr.', 'Quis dolorem et ipsum amet et ipsam aut. Quia officia nihil maiores soluta. Placeat eveniet fugiat illo aliquam debitis dolor.', 1, '2020-07-14 09:01:15', '2020-07-14 09:01:15'),
(61, 32, 'Gina Orn', 'Et vel aut doloribus dolorem accusamus sit dolorem non. Et et aut vel necessitatibus. Alias eligendi sit sunt aut ipsum ab nobis est. Ratione sapiente molestiae et.', 5, '2020-07-14 09:01:15', '2020-07-14 09:01:15'),
(62, 13, 'Bartholome Gorczany', 'Tenetur quia sit repudiandae rerum. Eligendi asperiores nulla laboriosam quam ex rerum. Qui reiciendis ex odit dignissimos doloribus. Natus et eaque ut est occaecati.', 5, '2020-07-14 09:01:15', '2020-07-14 09:01:15'),
(63, 48, 'Tate Gislason', 'Delectus commodi perspiciatis sit atque quo placeat consequuntur recusandae. Et iusto quae maiores vel. Iure enim distinctio reprehenderit architecto aut quasi. Ut autem iste veritatis.', 2, '2020-07-14 09:01:15', '2020-07-14 09:01:15'),
(64, 39, 'Moises Toy', 'Cupiditate aperiam ipsum reprehenderit repellendus sunt blanditiis. Fugiat incidunt recusandae debitis illo. Blanditiis repellat laudantium repellat. Et ut voluptate ea suscipit non est laudantium in.', 5, '2020-07-14 09:01:15', '2020-07-14 09:01:15'),
(65, 28, 'Walton Jacobson', 'Quidem voluptas voluptate et cumque. Sed maiores sequi sequi dolores architecto. Ratione et nulla quibusdam id eum voluptatem optio.', 2, '2020-07-14 09:01:15', '2020-07-14 09:01:15'),
(66, 36, 'Zelda Oberbrunner III', 'Porro suscipit ut eum laboriosam. Consequatur dolores sunt error. Quod occaecati totam quod porro quidem nihil ab.', 1, '2020-07-14 09:01:15', '2020-07-14 09:01:15'),
(67, 50, 'Prof. Daisha Gusikowski', 'Aliquam illum similique natus blanditiis. Soluta error reiciendis earum sint. Necessitatibus eos voluptas enim enim. Quos voluptate qui minima.', 5, '2020-07-14 09:01:15', '2020-07-14 09:01:15'),
(68, 3, 'Bobbie Leuschke', 'Veritatis sapiente ut est omnis et doloremque. Odit dolores enim consequatur. Iusto aspernatur quos mollitia reprehenderit.', 5, '2020-07-14 09:01:15', '2020-07-14 09:01:15'),
(69, 3, 'Cristopher White', 'Soluta quia et non recusandae ea est ut officia. Delectus enim natus qui quas. Qui facilis accusamus alias dolorem dolor ad. Nobis doloribus qui veritatis soluta libero ut. Deleniti expedita voluptatem sunt a tenetur consequatur et facere.', 2, '2020-07-14 09:01:15', '2020-07-14 09:01:15'),
(70, 48, 'Tiffany Torp', 'Alias impedit optio quia ipsam sunt consequatur eos laborum. Alias repudiandae et pariatur tenetur. Dolor id accusantium beatae quo. Autem sint et non.', 1, '2020-07-14 09:01:15', '2020-07-14 09:01:15'),
(71, 36, 'Krystina Luettgen', 'Nesciunt ea quidem molestias quia tempora atque. Voluptatibus delectus sunt quia quod. Debitis id ullam dicta aut quam porro.', 1, '2020-07-14 09:01:15', '2020-07-14 09:01:15'),
(72, 22, 'Damian Schaefer', 'Dignissimos non ipsum vel. Doloribus laboriosam ut nam iure perferendis. Voluptatem alias alias eligendi quidem vero cumque. Placeat omnis sapiente id placeat.', 4, '2020-07-14 09:01:15', '2020-07-14 09:01:15'),
(73, 20, 'Prof. Jerald Parisian', 'Harum tempora non alias deleniti repellendus in amet. Ullam quo unde officiis debitis nesciunt voluptas molestiae. Ut veniam dolor nisi magni culpa corrupti.', 1, '2020-07-14 09:01:15', '2020-07-14 09:01:15'),
(74, 29, 'Mrs. Antonina Kling DVM', 'Saepe doloribus veniam ad dolore. Veniam alias ad quas non. Fuga veniam veniam expedita. Et quia sunt aliquam molestiae dolorem non corporis hic.', 0, '2020-07-14 09:01:15', '2020-07-14 09:01:15'),
(75, 34, 'Gay Rowe', 'Dolores neque aut laboriosam quo consequatur aut et. Et ipsum est ducimus quo est incidunt. Tempora beatae nam deserunt magnam aperiam sunt id.', 3, '2020-07-14 09:01:15', '2020-07-14 09:01:15'),
(76, 5, 'Chaya Stiedemann', 'Numquam debitis quia repudiandae dolores iusto. Omnis facilis libero dolor laudantium officia rerum doloremque. Perspiciatis quod nihil est expedita atque enim in.', 1, '2020-07-14 09:01:15', '2020-07-14 09:01:15'),
(77, 34, 'Stone Cruickshank', 'Officia magnam enim explicabo pariatur saepe. Dignissimos ut quidem nostrum ut rerum in. Earum molestiae aliquid quia quisquam nihil quos. Et omnis illo repudiandae libero nisi ut autem.', 0, '2020-07-14 09:01:15', '2020-07-14 09:01:15'),
(78, 8, 'Derek McGlynn', 'Sequi qui debitis repellendus occaecati incidunt. Ipsam eos consequuntur tempora eligendi. Aut veniam exercitationem qui aperiam tempore labore labore.', 0, '2020-07-14 09:01:15', '2020-07-14 09:01:15'),
(79, 39, 'Dr. Emanuel Ratke Sr.', 'Nulla minus qui ut ad nobis praesentium excepturi. Eum esse nemo beatae accusamus ab odio. Dolorum occaecati quidem dolores vitae et sint alias.', 5, '2020-07-14 09:01:15', '2020-07-14 09:01:15'),
(80, 17, 'Dr. Christelle Lesch', 'Autem nobis sequi ea voluptas inventore aut. Omnis eos at magnam illo sunt voluptatem vero. Aut perspiciatis eaque unde debitis eos ipsam dolores rerum.', 1, '2020-07-14 09:01:15', '2020-07-14 09:01:15'),
(81, 28, 'Juanita Schneider', 'Eum quia harum soluta velit inventore dicta nulla. Veritatis nemo rem provident voluptatem. Sapiente doloremque provident mollitia aut magnam vero.', 5, '2020-07-14 09:01:15', '2020-07-14 09:01:15'),
(82, 41, 'Katlynn Dietrich', 'Error ab aliquid quam aut quae. Nobis est repellendus voluptatem ut aut quo. Nam voluptatem porro eum tempore deleniti dolorem nostrum.', 0, '2020-07-14 09:01:15', '2020-07-14 09:01:15'),
(83, 14, 'Dr. Xavier Blanda Jr.', 'Voluptas qui voluptatum excepturi expedita deserunt. Sed dolorem debitis hic ut quo. Vel unde nesciunt qui unde veniam.', 1, '2020-07-14 09:01:15', '2020-07-14 09:01:15'),
(84, 48, 'Franco Mraz DVM', 'Est voluptatem laborum numquam est. Laboriosam dicta repellendus et quo iusto et dignissimos. Tempora numquam ut ex placeat quia. Ea ut ut modi accusamus nemo sit ea.', 5, '2020-07-14 09:01:15', '2020-07-14 09:01:15'),
(85, 11, 'Russell Ledner DDS', 'Id delectus ratione animi voluptas dignissimos mollitia dolores aspernatur. Rerum debitis rerum autem quia aperiam recusandae molestiae.', 4, '2020-07-14 09:01:15', '2020-07-14 09:01:15'),
(86, 25, 'Nikita Ritchie', 'Eius sint voluptatem culpa enim quis aperiam consectetur. Rerum repudiandae aut in voluptatem ipsam sed recusandae. Sed autem magni aut ut. Hic voluptas cumque excepturi quod nemo aut ducimus.', 5, '2020-07-14 09:01:15', '2020-07-14 09:01:15'),
(87, 49, 'Maxwell Bauch', 'Doloremque ut quis voluptatibus totam non repudiandae sed. Saepe quod reprehenderit hic occaecati. Odit dolore illo libero consequuntur asperiores est ducimus. Vel ullam aut et quibusdam minus cupiditate iste.', 2, '2020-07-14 09:01:15', '2020-07-14 09:01:15'),
(88, 5, 'Rossie Von', 'Voluptates harum voluptatem minima animi rerum similique dolorem. Eveniet mollitia fuga omnis. Ut eius culpa praesentium odio ut occaecati maiores. Voluptates sit est qui laboriosam.', 1, '2020-07-14 09:01:15', '2020-07-14 09:01:15'),
(89, 20, 'Lucio Hartmann', 'Perferendis nesciunt dolores fuga occaecati. Labore ut natus praesentium reprehenderit. Suscipit ab molestias vel sed quia. Excepturi quaerat eos distinctio aliquid quidem voluptatibus.', 5, '2020-07-14 09:01:15', '2020-07-14 09:01:15'),
(90, 38, 'Mrs. Ozella Marquardt', 'Blanditiis libero aut perferendis ad repudiandae quis. Corrupti provident nesciunt consequatur laboriosam. Voluptatibus et omnis adipisci est.', 4, '2020-07-14 09:01:15', '2020-07-14 09:01:15'),
(91, 48, 'Guadalupe Fritsch', 'Omnis dignissimos sed aut possimus. Rerum eveniet ut sed dolores neque quod eum. Sit ut aut sed nostrum fugit iure quaerat. Tenetur sequi tempora rem odio repellat ut consequatur fugit. Modi est reiciendis optio aut dicta suscipit animi.', 3, '2020-07-14 09:01:15', '2020-07-14 09:01:15'),
(92, 49, 'Devyn Daugherty', 'Vel hic aut molestiae laudantium qui quibusdam. Est sunt ullam sunt est modi. Ab quos molestiae est omnis. Magnam dolorum ea id itaque omnis.', 5, '2020-07-14 09:01:15', '2020-07-14 09:01:15'),
(93, 34, 'Aryanna Hane', 'Quas accusantium at blanditiis magnam ipsa. Et fuga suscipit tempore eos omnis repellendus quod optio.', 3, '2020-07-14 09:01:15', '2020-07-14 09:01:15'),
(94, 22, 'Shanon Dicki', 'Necessitatibus consectetur pariatur nemo dignissimos consequatur esse. Et qui aut inventore veniam numquam sed voluptatem. Provident in aut placeat. Error dolorum qui dolor sed cum.', 2, '2020-07-14 09:01:15', '2020-07-14 09:01:15'),
(95, 42, 'Annabel Bernhard', 'Voluptas dolor qui aliquid quam culpa. Quos quibusdam quo illo esse assumenda ut harum. Natus distinctio consequatur in quo aut. Accusantium quisquam perspiciatis dolorum commodi odio quia.', 1, '2020-07-14 09:01:15', '2020-07-14 09:01:15'),
(96, 6, 'Dana Dickens I', 'Molestias eveniet nisi molestiae aspernatur ea vitae dolores. Dolore qui iure libero.', 1, '2020-07-14 09:01:15', '2020-07-14 09:01:15'),
(97, 47, 'Mac McClure', 'Doloremque dolorem culpa sed quis illo. Et amet rem delectus ratione ex recusandae laborum. Facere similique in non non consequatur dolores.', 0, '2020-07-14 09:01:15', '2020-07-14 09:01:15'),
(98, 8, 'Ms. Talia Koss', 'Quidem ex incidunt cupiditate nihil iste. Cupiditate totam tempore omnis ut fugiat accusamus. Commodi voluptatem unde voluptatem consequatur unde voluptas voluptatibus quia. Deleniti quo et veritatis voluptatem corrupti atque.', 3, '2020-07-14 09:01:15', '2020-07-14 09:01:15'),
(99, 33, 'Dr. Jamarcus Pfannerstill Sr.', 'In consequatur laudantium neque distinctio. Quaerat eveniet vel sit a. Voluptatem numquam natus tempora rerum. Natus non nobis pariatur accusamus ipsum repudiandae illo corrupti.', 0, '2020-07-14 09:01:15', '2020-07-14 09:01:15'),
(100, 16, 'Ms. Shyanne Schneider I', 'Corporis doloremque temporibus sunt eum nesciunt iure dolor accusantium. Aut dignissimos voluptatum eos tenetur voluptate nesciunt minima. Odit ipsam eligendi voluptate.', 2, '2020-07-14 09:01:15', '2020-07-14 09:01:15'),
(101, 9, 'Adelle Berge', 'Sed impedit architecto expedita accusantium nulla et vitae nobis. Et et tempore non quisquam tempore ducimus vel.', 4, '2020-07-14 09:01:15', '2020-07-14 09:01:15'),
(102, 45, 'Rhianna McCullough', 'Ut quas necessitatibus possimus nihil deserunt ab. Rerum nobis ipsum aspernatur nisi adipisci eos culpa harum.', 2, '2020-07-14 09:01:15', '2020-07-14 09:01:15'),
(103, 31, 'Nelle Murphy', 'Nam quia enim dignissimos molestias eius ducimus. Aut id voluptas vel velit et. Velit distinctio qui sit voluptas quae dolorem et.', 3, '2020-07-14 09:01:15', '2020-07-14 09:01:15'),
(104, 32, 'Missouri Hayes', 'Nihil sit aliquid aut atque odit. Qui et earum sint recusandae neque praesentium. Officia officiis rerum eveniet voluptatem ut et. Numquam quidem atque quis dolorum dolorum.', 2, '2020-07-14 09:01:15', '2020-07-14 09:01:15'),
(105, 6, 'Kimberly Grimes', 'Exercitationem maiores quod voluptate laboriosam. Expedita sed ex qui rerum at hic. Aut maiores odit corporis aut id sit. Sed et occaecati omnis aut velit.', 5, '2020-07-14 09:01:15', '2020-07-14 09:01:15'),
(106, 4, 'Coby Koelpin', 'Ea sit fugit rerum doloribus eius. Nobis omnis praesentium quos in officiis possimus quis. Quia sed aliquid nemo id eos est debitis quia.', 4, '2020-07-14 09:01:15', '2020-07-14 09:01:15'),
(107, 44, 'Dr. Linda Runte Sr.', 'Consequatur recusandae enim corporis molestiae. Corrupti voluptas eum fugit cupiditate rerum sunt eveniet. Incidunt in unde et voluptatem voluptatem. Illo eum nemo in modi. In quia rerum odio eum qui quia aut.', 2, '2020-07-14 09:01:15', '2020-07-14 09:01:15'),
(108, 3, 'Nadia Schoen', 'Similique amet nam distinctio natus ea qui. Vitae dolorum unde qui adipisci et rerum ratione. Earum aliquam provident quaerat esse. Hic dolorum ipsum nisi quasi.', 1, '2020-07-14 09:01:15', '2020-07-14 09:01:15'),
(109, 21, 'Sydnee Kovacek', 'Omnis dolorem repellat esse quia. Suscipit quia perspiciatis atque quod iure magni. Eligendi quod ex ipsam tempora sequi nobis error.', 3, '2020-07-14 09:01:15', '2020-07-14 09:01:15'),
(110, 31, 'Orion Rowe', 'Libero perspiciatis distinctio est tempora. Molestiae saepe dolores impedit dignissimos rerum.', 0, '2020-07-14 09:01:15', '2020-07-14 09:01:15'),
(111, 41, 'Gaetano Koepp', 'At minus culpa sint nobis voluptatem. Adipisci molestiae et voluptatem natus et voluptatibus maxime. Enim itaque commodi modi occaecati est eum hic rem. Facere nisi mollitia eius eveniet nihil tempore quia.', 3, '2020-07-14 09:01:15', '2020-07-14 09:01:15'),
(112, 30, 'Violet Robel', 'Veniam dolore aspernatur sed ut. Explicabo omnis porro fuga distinctio accusamus iure quaerat. Doloribus ullam quisquam quia est et consequatur earum.', 4, '2020-07-14 09:01:15', '2020-07-14 09:01:15'),
(113, 6, 'Ulices Adams', 'Fuga a esse excepturi iusto provident. Voluptatibus reprehenderit earum doloribus. Quia esse quas quis iure neque ipsum dolores. Natus non consequatur ullam dicta et et.', 3, '2020-07-14 09:01:15', '2020-07-14 09:01:15'),
(114, 29, 'Annabel Stoltenberg', 'Quo id eaque voluptas quia quae. Minima rerum ipsum similique quas voluptas officia similique.', 4, '2020-07-14 09:01:15', '2020-07-14 09:01:15'),
(115, 11, 'Emmet Little', 'Aut reiciendis expedita adipisci eos et. Quisquam delectus similique ea doloribus quaerat eligendi sit. Quas quia quas quia. Voluptatum recusandae quia inventore vero et.', 1, '2020-07-14 09:01:15', '2020-07-14 09:01:15'),
(116, 16, 'Elliot Casper II', 'Recusandae ipsum et magni quia deserunt aut maiores. Quis eius id nemo aut. Reprehenderit quibusdam explicabo architecto qui fuga ad magni id. Ut ducimus omnis in minima commodi.', 3, '2020-07-14 09:01:15', '2020-07-14 09:01:15'),
(117, 49, 'Willis Morissette IV', 'Quod dolor dolores quam totam aut neque. Odio sed labore ea optio quidem hic. Modi et ea quas qui neque. Rem asperiores est vero animi eaque et iusto.', 1, '2020-07-14 09:01:15', '2020-07-14 09:01:15'),
(118, 39, 'Jules O\'Keefe Jr.', 'Occaecati dicta provident iste molestiae iste. Repellat aut voluptatem qui dignissimos eaque cum. Numquam laboriosam voluptate voluptate unde. Placeat velit facere veritatis dolores quos repellendus.', 3, '2020-07-14 09:01:15', '2020-07-14 09:01:15'),
(119, 44, 'Ruth Rodriguez', 'Dolorem dolores voluptas cupiditate enim repellendus voluptatem quis. Veniam natus inventore at dicta tenetur consequatur. Quam consequatur et illum recusandae adipisci.', 0, '2020-07-14 09:01:15', '2020-07-14 09:01:15'),
(120, 11, 'Prof. Sigurd Jacobi', 'Sapiente reiciendis et qui accusantium ex aperiam asperiores culpa. Dolores est corrupti provident perspiciatis. Doloremque ab qui quisquam. Fuga hic officia dolor voluptatem ratione dolorum.', 1, '2020-07-14 09:01:15', '2020-07-14 09:01:15'),
(121, 36, 'Mr. Roberto Lehner', 'Natus non quia rerum. Corporis commodi harum ducimus soluta expedita consequatur ut. Itaque dolores eos in alias rerum et numquam tempore. Quaerat perspiciatis quia aut at pariatur.', 4, '2020-07-14 09:01:15', '2020-07-14 09:01:15'),
(122, 6, 'Miss Heloise Grant V', 'Sunt qui error rem quo molestiae. Vitae velit eius expedita nesciunt doloremque aliquam. Recusandae nam porro delectus labore.', 0, '2020-07-14 09:01:15', '2020-07-14 09:01:15'),
(123, 37, 'Arch Kulas', 'Qui doloremque eum voluptatum dolorem. Veritatis officiis velit tempora est eaque. Ut provident similique deleniti aliquam harum rerum. Reiciendis perferendis et consequatur ea.', 1, '2020-07-14 09:01:15', '2020-07-14 09:01:15'),
(124, 20, 'Vickie Pollich', 'Enim incidunt totam qui et occaecati ex. Dolor possimus sint voluptatem unde rem quis sit.', 5, '2020-07-14 09:01:15', '2020-07-14 09:01:15'),
(125, 19, 'Johnnie Larson', 'Sunt ad quos harum doloribus. Omnis reiciendis delectus dolorem nulla. Laboriosam pariatur in aut saepe est eum soluta esse. Accusantium error minus itaque illum delectus. Sapiente molestias fuga reprehenderit veritatis.', 0, '2020-07-14 09:01:15', '2020-07-14 09:01:15'),
(126, 36, 'Leonel Funk', 'Soluta ad omnis nihil. Iusto consequuntur quis suscipit dolores. Ut quasi soluta officia earum. Dignissimos vitae rerum neque voluptas debitis qui.', 2, '2020-07-14 09:01:15', '2020-07-14 09:01:15'),
(127, 2, 'Cullen Paucek', 'Pariatur omnis perspiciatis et consequatur tenetur id beatae. Maiores molestiae nobis quaerat a fugiat. Temporibus laborum aut aspernatur molestias officiis recusandae.', 1, '2020-07-14 09:01:15', '2020-07-14 09:01:15'),
(128, 1, 'Miss Robyn Johnson', 'Id occaecati recusandae consequatur placeat ut veritatis. Quod maxime provident ut. Modi officia similique veniam et labore.', 2, '2020-07-14 09:01:15', '2020-07-14 09:01:15'),
(129, 29, 'Elyssa Herzog', 'Rerum illo esse aut. Labore quidem ad quidem aperiam. Ut ad assumenda quia reprehenderit esse incidunt eius. Laboriosam dolorem eveniet culpa. Officiis molestias enim et libero sit magni.', 1, '2020-07-14 09:01:15', '2020-07-14 09:01:15'),
(130, 6, 'Jon Howell', 'Porro sit eaque quia architecto exercitationem. Nesciunt perspiciatis in et exercitationem quos rerum error. Eligendi saepe exercitationem eum ipsum totam. Et quisquam fugit aliquam illo.', 0, '2020-07-14 09:01:15', '2020-07-14 09:01:15'),
(131, 30, 'Prof. Destini Ernser', 'Aspernatur omnis iure rem in non eius incidunt. Rem voluptatem qui quos laboriosam tempora autem perferendis dolorem. Eius asperiores neque minus voluptatum iure rerum. Sapiente ducimus praesentium nam tempore ut aut possimus.', 1, '2020-07-14 09:01:15', '2020-07-14 09:01:15'),
(132, 29, 'Willy Schuppe IV', 'Natus ipsam ut repellat labore. Dicta neque facere aut nam et consequatur magni. Ut sint reiciendis incidunt laboriosam et veniam.', 3, '2020-07-14 09:01:15', '2020-07-14 09:01:15'),
(133, 45, 'Prof. Lester Carter', 'Error omnis earum beatae voluptas et. Occaecati praesentium qui et eos eligendi voluptas. Illum distinctio magni reprehenderit iste ad voluptatem reprehenderit maiores. Aut non nulla sint a nobis.', 5, '2020-07-14 09:01:15', '2020-07-14 09:01:15'),
(134, 19, 'Prof. Sage DuBuque MD', 'Assumenda incidunt quidem amet sit. Repudiandae pariatur et et reprehenderit aut quia voluptatem. Non sit voluptatibus assumenda sint inventore qui omnis. Dignissimos neque molestiae inventore nisi neque.', 3, '2020-07-14 09:01:15', '2020-07-14 09:01:15'),
(135, 48, 'Gladys Kozey', 'Voluptas voluptatem consectetur est. Consequatur eos voluptatum reiciendis est occaecati tempore neque. Repellendus fuga praesentium nesciunt quia. Maiores doloremque consequatur quis pariatur et et. Id nemo ut non delectus et sint necessitatibus.', 4, '2020-07-14 09:01:15', '2020-07-14 09:01:15'),
(136, 10, 'Ms. Ashleigh Gleason', 'Consequatur non quae accusantium fugiat. Sed sit velit officia sed. Beatae sunt cupiditate quas exercitationem molestiae magnam. Odio doloribus aliquam autem ut dolorem eveniet itaque.', 1, '2020-07-14 09:01:15', '2020-07-14 09:01:15'),
(137, 23, 'Jamir Metz', 'Velit quibusdam omnis maiores nemo alias consequatur. Consequatur maiores voluptatem est quaerat qui. Doloremque non deserunt doloribus nisi porro.', 5, '2020-07-14 09:01:15', '2020-07-14 09:01:15'),
(138, 25, 'Prof. Kolby Fritsch', 'Nostrum facilis consequatur ut numquam. Veritatis similique laudantium qui iure error dolorem quae. Sapiente veritatis sit dolor repudiandae harum aut. Autem beatae voluptas autem qui id optio.', 5, '2020-07-14 09:01:15', '2020-07-14 09:01:15'),
(139, 29, 'Ron Wuckert', 'Eos dignissimos beatae dolores et accusamus qui consequuntur cum. Quibusdam sed et animi dolor qui voluptatum in ut. Neque fuga perferendis officia incidunt voluptatibus ab. Itaque sint odio quaerat ut amet ipsa adipisci.', 2, '2020-07-14 09:01:15', '2020-07-14 09:01:15'),
(140, 41, 'Chaim Brekke', 'Repellendus illum non doloribus sed consequatur. Commodi nulla odio tempore aut et velit est. Vel et consequuntur nemo maiores placeat consectetur. Corporis officia adipisci quia.', 2, '2020-07-14 09:01:15', '2020-07-14 09:01:15'),
(141, 36, 'Paula Osinski', 'Aperiam magnam ut dolorem aut et quidem accusamus. Eaque ad quidem doloribus a. Est quibusdam fugiat hic. Non sit nulla voluptas.', 4, '2020-07-14 09:01:15', '2020-07-14 09:01:15'),
(142, 39, 'Gunner VonRueden', 'Sunt cupiditate dolor eum similique. Sit pariatur architecto omnis facere. Quisquam qui et rerum ullam voluptas odio. Officiis rerum hic dolorum omnis.', 3, '2020-07-14 09:01:15', '2020-07-14 09:01:15'),
(143, 27, 'Miss Fatima Kuvalis Sr.', 'Accusantium voluptatem voluptas ducimus. Suscipit optio dolores eos assumenda earum molestias tenetur. Tempora voluptatem temporibus illo corporis doloribus nostrum non. Ab et laborum est ut sunt vero laudantium.', 4, '2020-07-14 09:01:15', '2020-07-14 09:01:15'),
(144, 7, 'Edmund Kessler', 'Magnam aut qui voluptatem. Nihil et unde autem eum et et. Numquam quae maxime quibusdam tempora accusantium id earum.', 0, '2020-07-14 09:01:15', '2020-07-14 09:01:15'),
(145, 2, 'Mrs. Abbie Anderson', 'Et iusto soluta iusto et. Distinctio voluptatem illum cumque nulla. Quia incidunt et est vitae.', 0, '2020-07-14 09:01:15', '2020-07-14 09:01:15'),
(146, 18, 'Angelica Leffler', 'Qui voluptatem culpa sint tempora. Velit omnis in rem eos voluptatem veniam. Nam tenetur et id nihil ab. Qui et hic harum voluptatem consectetur dolorem.', 0, '2020-07-14 09:01:15', '2020-07-14 09:01:15'),
(147, 28, 'Prof. Kendall Lang III', 'Veritatis pariatur magni aperiam. Deserunt esse cum necessitatibus ipsam maxime.', 1, '2020-07-14 09:01:15', '2020-07-14 09:01:15'),
(148, 5, 'Nat Kreiger', 'Officiis dolorem voluptatem ipsa quia aut et cum. Laudantium omnis et omnis consequatur qui quis illo voluptatem. Officiis quia quibusdam sapiente voluptas ut dolor delectus.', 0, '2020-07-14 09:01:15', '2020-07-14 09:01:15'),
(149, 25, 'Roxanne Veum', 'Atque iure vero sed eius optio ex. Qui deserunt consequuntur corporis tenetur ratione. Porro laborum distinctio quo dolorum odio. Fugit ut quasi ipsa fugit rerum commodi architecto aut.', 0, '2020-07-14 09:01:15', '2020-07-14 09:01:15'),
(150, 13, 'Arlo Marks III', 'Asperiores aspernatur rerum magnam non magni maiores commodi. Itaque illo libero ipsam mollitia est.', 4, '2020-07-14 09:01:15', '2020-07-14 09:01:15'),
(151, 13, 'Dr. Elian Stark', 'Doloribus praesentium id vero. Magni et fugiat qui repudiandae ipsa reprehenderit pariatur. Est quasi possimus delectus quasi eum velit et omnis.', 0, '2020-07-14 09:01:15', '2020-07-14 09:01:15'),
(152, 29, 'Jessy Crist', 'Suscipit rerum cupiditate ut ratione iusto vero omnis. Vero suscipit ullam fugit repellat. Velit qui dolores natus saepe voluptas.', 3, '2020-07-14 09:01:15', '2020-07-14 09:01:15'),
(153, 24, 'Mr. Muhammad Rosenbaum Sr.', 'Reprehenderit beatae possimus impedit quia praesentium consequatur eum. Odio deleniti ipsam et sed. Nulla nihil labore inventore deserunt.', 2, '2020-07-14 09:01:15', '2020-07-14 09:01:15'),
(154, 43, 'Selmer Raynor', 'Aut placeat ut ratione. Ipsum ipsa qui omnis quasi quaerat. Et nulla quisquam inventore ut voluptas.', 4, '2020-07-14 09:01:15', '2020-07-14 09:01:15'),
(155, 45, 'Tom Beier', 'Ut eveniet necessitatibus delectus nesciunt rerum. Velit ea esse saepe est error. Quis vitae aut similique facilis aut est magnam eius. A voluptatem minus ipsam quaerat vel.', 4, '2020-07-14 09:01:15', '2020-07-14 09:01:15'),
(156, 6, 'Mr. Vern Turner', 'Asperiores sequi sunt et dolorum. Ut aut dolores qui sint aspernatur veniam cupiditate. Voluptatum iure quisquam officiis eaque ea soluta. Doloremque quisquam consequuntur eaque sint optio.', 4, '2020-07-14 09:01:15', '2020-07-14 09:01:15'),
(157, 21, 'Geovanni Cummings V', 'Itaque autem non iusto aliquid. Aut aspernatur quas numquam omnis. Adipisci non eius est atque exercitationem quam.', 3, '2020-07-14 09:01:15', '2020-07-14 09:01:15'),
(158, 25, 'Melvin Nolan MD', 'Reiciendis sit ipsa eligendi fuga. Voluptatem laboriosam est ut totam assumenda repellendus. Nam cupiditate necessitatibus necessitatibus cupiditate enim qui voluptates. Ut atque et voluptas labore quibusdam dolor vitae. Laborum officia temporibus ipsam perferendis vel eius omnis reiciendis.', 4, '2020-07-14 09:01:15', '2020-07-14 09:01:15'),
(159, 36, 'Quinton Luettgen Sr.', 'Rerum aut ut fugit et. Quia corrupti aut velit quia quibusdam dolores voluptas maiores. Modi quia dolore quod nihil quam eius laboriosam natus. Iste eligendi temporibus quibusdam perspiciatis vitae perferendis.', 3, '2020-07-14 09:01:15', '2020-07-14 09:01:15'),
(160, 16, 'Adah Balistreri', 'Ut est est quo expedita expedita. Sint et qui iusto qui. Neque ab impedit dicta sit facere quis.', 3, '2020-07-14 09:01:15', '2020-07-14 09:01:15'),
(161, 8, 'Mr. Jaylin Stehr DVM', 'Tempora ut recusandae magnam voluptatum laboriosam et. Delectus esse delectus corporis praesentium. Nihil ullam ipsum quam est perspiciatis rerum eligendi. Nulla voluptatibus molestiae adipisci dignissimos.', 3, '2020-07-14 09:01:15', '2020-07-14 09:01:15'),
(162, 9, 'Jakob Runte', 'Vel qui tempore id repellendus suscipit. Impedit quo eaque voluptates repellendus dolore consequatur. Culpa consequatur voluptas aliquid aspernatur eum itaque adipisci.', 1, '2020-07-14 09:01:15', '2020-07-14 09:01:15'),
(163, 40, 'Sierra Klein', 'Qui animi quibusdam eligendi repellendus saepe ad voluptatibus. Et itaque ea et nam sed reprehenderit aliquid. Asperiores iure unde sint quas nobis distinctio ab. Et sed sequi dolor nostrum similique temporibus facilis vel.', 4, '2020-07-14 09:01:15', '2020-07-14 09:01:15'),
(164, 39, 'Mrs. Luz Dach MD', 'Est voluptatem et dicta dolores eius quas et molestiae. Et voluptatem voluptate provident aperiam nihil. Sequi et quae blanditiis vitae vel.', 3, '2020-07-14 09:01:15', '2020-07-14 09:01:15'),
(165, 2, 'Christa Erdman', 'Sit ducimus nemo nisi molestiae sapiente deserunt quo. Sapiente earum dolor fuga. Ipsam sit aliquid cumque explicabo dolore nemo sunt. Qui consectetur ipsum recusandae sed.', 1, '2020-07-14 09:01:15', '2020-07-14 09:01:15'),
(166, 40, 'Dr. Gerson Johnson IV', 'Amet accusamus possimus illum totam ab voluptate. Quia aut occaecati omnis quo eos voluptatem. Rerum voluptatem aut sequi id quas et explicabo dolore.', 3, '2020-07-14 09:01:15', '2020-07-14 09:01:15'),
(167, 48, 'Alejandrin Hilpert DVM', 'Sed excepturi quia aut rem quia ut et. Placeat consectetur cupiditate dolorem impedit repudiandae. Omnis sequi non necessitatibus deserunt nam sit laboriosam. Eius dignissimos id qui magnam voluptas cum.', 0, '2020-07-14 09:01:15', '2020-07-14 09:01:15'),
(168, 48, 'Joe Green', 'Harum labore sed totam veritatis. Labore nihil eligendi impedit doloremque aut rerum est reiciendis. Inventore laudantium repellendus minima iusto cum et ex rerum.', 0, '2020-07-14 09:01:15', '2020-07-14 09:01:15'),
(169, 39, 'Miss Nina Hagenes I', 'Ea autem harum fugiat voluptates quia. Quaerat occaecati voluptas odio amet aut quos temporibus. Veniam neque autem deleniti quia aut laudantium alias. Aliquid blanditiis deserunt voluptates vitae corporis fugiat qui. Rerum culpa voluptatum mollitia voluptatem vel.', 3, '2020-07-14 09:01:15', '2020-07-14 09:01:15'),
(170, 48, 'Enrique Satterfield', 'Vel consequatur pariatur recusandae voluptates vero cumque facilis est. Distinctio qui sapiente qui velit. Et omnis soluta et est expedita sit non molestiae. Eos aspernatur et qui temporibus consequatur.', 1, '2020-07-14 09:01:15', '2020-07-14 09:01:15'),
(171, 1, 'Dr. Fredy Wiegand IV', 'Illum aut consectetur reiciendis provident. Sit repudiandae ratione perferendis doloribus et veniam dolor. Sed unde officia incidunt iusto.', 2, '2020-07-14 09:01:15', '2020-07-14 09:01:15'),
(172, 50, 'Joseph Toy', 'Molestiae rerum ut numquam recusandae velit. Quos explicabo ducimus voluptatum et qui quidem fugiat asperiores. Et tempora molestias corporis eligendi.', 5, '2020-07-14 09:01:15', '2020-07-14 09:01:15'),
(173, 34, 'Mr. Reuben Zemlak Jr.', 'Eaque consequatur necessitatibus dolor odit provident. Est facere molestiae doloremque magnam sint nobis eveniet. In voluptatem aut aut quo necessitatibus.', 4, '2020-07-14 09:01:15', '2020-07-14 09:01:15'),
(174, 23, 'Prof. Austyn Collier III', 'Voluptatibus aliquam adipisci veniam libero labore. Numquam minima necessitatibus omnis assumenda est. Suscipit facere voluptatem autem exercitationem. Labore provident dolorum ex voluptas.', 4, '2020-07-14 09:01:15', '2020-07-14 09:01:15'),
(175, 43, 'Linda Wintheiser', 'Veniam ex officiis consequatur distinctio. Qui natus deleniti ad doloremque facilis nobis. Illum laudantium amet sit doloribus. Ut accusamus pariatur saepe quibusdam. Hic et numquam mollitia.', 3, '2020-07-14 09:01:15', '2020-07-14 09:01:15'),
(176, 37, 'Jacquelyn Koss', 'Non dolor expedita vel qui laudantium voluptas odio. Eos sit possimus qui facilis aliquam.', 4, '2020-07-14 09:01:15', '2020-07-14 09:01:15'),
(177, 50, 'Mr. Malachi Carter II', 'Cum est dicta voluptatem in. Nihil recusandae a vel magnam delectus libero voluptates. Qui sit consequatur explicabo. Temporibus ut vero quam ullam.', 4, '2020-07-14 09:01:15', '2020-07-14 09:01:15'),
(178, 41, 'Herta Schuppe', 'Voluptate facilis aut veritatis ullam vel. Voluptas qui est hic earum natus atque voluptas a. Libero ad ut dolor. Et modi consequatur facere atque minus expedita.', 5, '2020-07-14 09:01:15', '2020-07-14 09:01:15'),
(179, 18, 'Dr. Mariela Abbott', 'Sapiente vitae quis qui quam ab quae. Ab totam officiis labore a saepe sed placeat. Dolores nemo pariatur officiis deserunt voluptas voluptas.', 1, '2020-07-14 09:01:15', '2020-07-14 09:01:15'),
(180, 24, 'Dangelo Heathcote', 'Consequuntur repellendus dicta doloribus et. Esse non consequatur saepe tenetur modi tenetur voluptas impedit. Dolores atque ea quibusdam impedit ut facilis dolores. Quas iste culpa id.', 4, '2020-07-14 09:01:15', '2020-07-14 09:01:15'),
(181, 27, 'Dr. Loyal Ebert', 'Et at iste aliquid voluptates. Corporis vitae rerum recusandae et ducimus repellat quia. Exercitationem atque perspiciatis sed voluptas.', 4, '2020-07-14 09:01:15', '2020-07-14 09:01:15'),
(182, 26, 'Jazlyn Parisian', 'Repellat dicta dolores repudiandae quia. Dignissimos commodi libero aut magni sit odio omnis. Aut earum tempore cupiditate voluptatem et exercitationem libero.', 4, '2020-07-14 09:01:15', '2020-07-14 09:01:15'),
(183, 40, 'Dean Kreiger', 'Quam ut doloribus rem ipsam quaerat omnis excepturi accusantium. Sint voluptates nisi dolore ducimus id.', 0, '2020-07-14 09:01:15', '2020-07-14 09:01:15'),
(184, 28, 'Mervin Trantow', 'Expedita dolore ex ab voluptas saepe distinctio. Aut quas non qui molestias. Sunt et eos velit corrupti necessitatibus et possimus velit. Molestiae odit hic mollitia facilis ea.', 2, '2020-07-14 09:01:15', '2020-07-14 09:01:15'),
(185, 9, 'Don Smith', 'Aperiam nihil assumenda voluptatem asperiores in. Alias enim optio fugiat. Nisi et non et suscipit eum quae.', 5, '2020-07-14 09:01:15', '2020-07-14 09:01:15'),
(186, 3, 'Alta Kessler I', 'Ducimus est ea voluptatum sint laboriosam. Excepturi sed laudantium velit reiciendis alias vel. Ut hic dolorem impedit exercitationem consequatur. Quod minus earum et amet iste omnis culpa et. Consequatur enim provident possimus cum facilis.', 3, '2020-07-14 09:01:15', '2020-07-14 09:01:15'),
(187, 49, 'Miss Vicenta Dickens', 'Repellendus laudantium dolorem iusto voluptate nemo perspiciatis libero illo. Nihil aspernatur cumque esse consectetur omnis ea corporis in. Hic architecto delectus repellat sapiente similique. Dolores quos deleniti nesciunt.', 5, '2020-07-14 09:01:15', '2020-07-14 09:01:15'),
(188, 19, 'Herminio Johnston', 'Neque reprehenderit eos sit quia. Quia maxime eum aut est expedita doloribus magni. Quibusdam est et quidem velit animi. Ut et a facilis at fugit.', 1, '2020-07-14 09:01:15', '2020-07-14 09:01:15'),
(189, 26, 'Prof. Wilfrid Wintheiser III', 'Quia quae impedit quis corporis. Molestias ut quidem ullam enim adipisci et. Optio repellat deleniti libero modi. Perspiciatis adipisci dolorem veritatis rerum voluptate ut quae ut.', 2, '2020-07-14 09:01:15', '2020-07-14 09:01:15'),
(190, 45, 'Lauren VonRueden', 'Et consequatur perspiciatis debitis aut iste et. Dolores totam est et dolores ipsum.', 0, '2020-07-14 09:01:15', '2020-07-14 09:01:15'),
(191, 40, 'Mr. Raul Dach', 'Quis incidunt hic quasi ut animi. Totam explicabo non totam blanditiis ratione sunt nostrum. Et cumque dolor magni magnam. Labore ut id ipsa debitis inventore quia.', 2, '2020-07-14 09:01:15', '2020-07-14 09:01:15'),
(192, 11, 'Brant Predovic', 'Rerum similique dolorem rerum fuga natus magnam. Quis quibusdam illo consequatur dolorem eum voluptatem nisi in. Nisi dolores culpa ea sit distinctio.', 4, '2020-07-14 09:01:15', '2020-07-14 09:01:15'),
(193, 3, 'Darren Larkin IV', 'Natus perspiciatis totam est perspiciatis deleniti sint. Voluptatibus excepturi illum ducimus accusamus earum. Eveniet at similique animi ipsam rerum maiores. Enim aliquid non magnam excepturi neque.', 0, '2020-07-14 09:01:15', '2020-07-14 09:01:15'),
(194, 7, 'Zachery Rutherford', 'Laboriosam nihil autem nostrum quod ullam. A soluta occaecati laudantium ut eaque et voluptatum. Quibusdam atque aperiam earum qui.', 1, '2020-07-14 09:01:15', '2020-07-14 09:01:15'),
(195, 27, 'Joan Orn', 'Repellendus sit odit fugiat explicabo eos eum neque. Quas aut magni quia dolores unde ratione. Doloremque totam explicabo enim quia illum quia. Distinctio ipsam autem est commodi ut odit quia.', 5, '2020-07-14 09:01:15', '2020-07-14 09:01:15'),
(196, 41, 'Jody Conn', 'Quasi praesentium iusto autem sed nihil culpa. Aut et cum unde deserunt natus eaque voluptates. Nulla id cupiditate libero. Autem in laudantium magnam est eius vel repudiandae.', 5, '2020-07-14 09:01:15', '2020-07-14 09:01:15'),
(197, 18, 'Miss Abbigail Champlin II', 'Molestias sed labore eos aspernatur reiciendis quas eum. Totam aspernatur in culpa aperiam mollitia. Esse nemo voluptatem quas quia temporibus. Dolor qui sit est et iusto dicta.', 4, '2020-07-14 09:01:15', '2020-07-14 09:01:15'),
(198, 49, 'Gennaro Deckow I', 'Amet perferendis facilis rerum cupiditate suscipit et optio vitae. Ea veniam accusantium explicabo illo soluta veritatis quo. Sint earum voluptas optio dolor quis.', 4, '2020-07-14 09:01:15', '2020-07-14 09:01:15'),
(199, 18, 'Max Rice', 'Consequatur fugit consequatur temporibus error illum quidem ut et. Consequuntur voluptas et repellendus dolores voluptas. Voluptates officiis vel adipisci soluta velit dolore.', 2, '2020-07-14 09:01:15', '2020-07-14 09:01:15'),
(200, 48, 'Reed Anderson', 'Saepe non neque est et temporibus quibusdam. Tempore aliquid quia ipsum accusamus culpa. Veniam repellat facere qui.', 4, '2020-07-14 09:01:15', '2020-07-14 09:01:15'),
(201, 15, 'Pauline Jacobs', 'Neque atque magni sed eveniet. Minima tempore aspernatur aut veritatis consequatur. Quibusdam perferendis quidem quo dolorem.', 5, '2020-07-14 09:01:15', '2020-07-14 09:01:15'),
(202, 28, 'Jordyn Howe II', 'Dolorum in sint accusamus dolorum soluta accusantium iure. Quam aut nobis minima corrupti enim et maiores. Tempora qui voluptatem et.', 0, '2020-07-14 09:01:15', '2020-07-14 09:01:15'),
(203, 37, 'Otto Gorczany', 'Est temporibus ipsa autem delectus ut eius nam. Et perspiciatis dolorem quisquam quas. Quo mollitia iusto officiis et.', 5, '2020-07-14 09:01:15', '2020-07-14 09:01:15'),
(204, 34, 'Madalyn Vandervort', 'Voluptates sapiente aperiam repudiandae ullam quia. Nulla reiciendis sed ut dicta rem cumque. Quibusdam consequatur sunt mollitia doloremque autem ipsum quam.', 2, '2020-07-14 09:01:15', '2020-07-14 09:01:15'),
(205, 35, 'Adriana Bartoletti', 'Dolor ab odio modi iste aut fuga dignissimos. Consectetur quia eos illo culpa quidem. Inventore quod laudantium saepe enim consequuntur similique. Sint ea ea perferendis dolores culpa.', 3, '2020-07-14 09:01:15', '2020-07-14 09:01:15'),
(206, 14, 'Jennie Stracke', 'Sed ut minima magnam consequuntur voluptas. Excepturi atque ex odio sed assumenda. Fugiat consectetur cupiditate inventore delectus molestias et nesciunt.', 2, '2020-07-14 09:01:15', '2020-07-14 09:01:15'),
(207, 1, 'Mr. Ethel Hill', 'Corporis nisi neque qui earum magnam deserunt veniam. Possimus labore nisi laudantium odio voluptatum porro. Ex non dicta rem quibusdam id.', 1, '2020-07-14 09:01:15', '2020-07-14 09:01:15');
INSERT INTO `reviews` (`id`, `product_id`, `customer`, `review`, `star`, `created_at`, `updated_at`) VALUES
(208, 19, 'Rosario Bailey', 'Magnam ipsam quo qui libero vel quibusdam rem. Qui enim voluptatem aliquid atque facere minima eveniet. Adipisci facilis deserunt laborum ea reiciendis neque. Soluta sit perferendis delectus aliquam libero sint qui perspiciatis.', 1, '2020-07-14 09:01:15', '2020-07-14 09:01:15'),
(209, 11, 'Kariane Ankunding', 'Rem rerum saepe optio fugit aliquam. Iure quae et et. Non natus repudiandae vero quae voluptates corporis maiores. Doloremque sed iusto ratione culpa odit et.', 4, '2020-07-14 09:01:15', '2020-07-14 09:01:15'),
(210, 12, 'Ms. Odie Armstrong', 'Sit qui eum laudantium sunt. Dolore necessitatibus laudantium aut mollitia quibusdam dolores. Laudantium eum placeat voluptatum sapiente qui. Dolores repellendus ex aut.', 0, '2020-07-14 09:01:15', '2020-07-14 09:01:15'),
(211, 30, 'Lillie Hill II', 'Nihil pariatur quas sunt non blanditiis. Illum harum voluptatibus ad voluptates temporibus expedita vero odit. Consequatur ut animi adipisci laboriosam quia natus et laborum. Dolores molestiae blanditiis sed illo ut ullam id.', 0, '2020-07-14 09:01:15', '2020-07-14 09:01:15'),
(212, 31, 'Prof. Jacinthe Ryan', 'Mollitia nihil nobis praesentium quo aliquid temporibus recusandae suscipit. Optio optio labore veniam aperiam. Reiciendis repellat deserunt atque molestias.', 3, '2020-07-14 09:01:15', '2020-07-14 09:01:15'),
(213, 41, 'Ramiro Watsica', 'A qui voluptatibus dicta doloribus molestiae aut. Et doloremque et quos atque fuga rem sint. Quia sed omnis sunt adipisci molestias dolor id.', 0, '2020-07-14 09:01:15', '2020-07-14 09:01:15'),
(214, 49, 'Myah Bartell', 'Ea est voluptatem veniam. Ut qui et totam earum. Modi rem debitis sequi ut. Ea culpa nostrum eos deleniti velit nesciunt excepturi non.', 2, '2020-07-14 09:01:15', '2020-07-14 09:01:15'),
(215, 30, 'Gay Cruickshank I', 'Sequi aperiam molestiae quisquam optio. Pariatur non voluptas officiis et occaecati. Corrupti voluptatem unde quibusdam ipsa. Illum minus deleniti voluptatem aspernatur quis facere.', 3, '2020-07-14 09:01:15', '2020-07-14 09:01:15'),
(216, 36, 'Mr. Vernon Goodwin DVM', 'Aut rerum ratione earum ullam vel. Sit sequi sint sed sed aut veniam rerum dolorem. Esse commodi voluptatem id dolores.', 3, '2020-07-14 09:01:15', '2020-07-14 09:01:15'),
(217, 28, 'Wayne Mueller', 'Et aspernatur autem voluptatem vero autem ipsum ratione. In dolores est culpa autem molestiae.', 1, '2020-07-14 09:01:15', '2020-07-14 09:01:15'),
(218, 27, 'Luciano Fritsch Sr.', 'Ad possimus ut aperiam ut eum. Aut in voluptas et occaecati. Est et voluptatibus omnis et numquam deleniti. Ea natus magnam quos ea iusto aut vel.', 3, '2020-07-14 09:01:15', '2020-07-14 09:01:15'),
(219, 21, 'Miss Amara Renner III', 'Tempore error quisquam labore. Ut quibusdam rerum consequatur cum minus maxime voluptatem saepe. Eos corrupti unde voluptatibus ducimus autem quis.', 0, '2020-07-14 09:01:15', '2020-07-14 09:01:15'),
(220, 17, 'Glenna DuBuque', 'Aliquid est nesciunt vero cumque quasi voluptatibus. Facilis doloremque quidem alias ut non consectetur. Qui rerum quos totam perferendis. Ipsum ut laboriosam eum consequuntur doloribus.', 0, '2020-07-14 09:01:15', '2020-07-14 09:01:15'),
(221, 19, 'Miss Breanne Wisozk III', 'Et sequi sit commodi consequuntur quia impedit nobis quibusdam. Quaerat aliquam quia rerum esse modi accusamus rerum. Assumenda consequatur nobis expedita a. Et natus aut est voluptate consequatur ea.', 0, '2020-07-14 09:01:15', '2020-07-14 09:01:15'),
(222, 15, 'Brook Kling V', 'Distinctio delectus in enim. Minima dignissimos sit voluptas. Reprehenderit ex quisquam odio quod unde.', 1, '2020-07-14 09:01:15', '2020-07-14 09:01:15'),
(223, 39, 'Prof. Buford Carroll DVM', 'Repellendus odit nobis deserunt est voluptas. Quisquam omnis tempore dicta qui et. Quidem officia et id repudiandae culpa. Eos tempora enim aut excepturi in nemo et.', 1, '2020-07-14 09:01:15', '2020-07-14 09:01:15'),
(224, 1, 'Luz Zboncak', 'Ad aut enim ut optio nobis illo mollitia. Autem est nostrum odio eos provident et aut. Vel sed assumenda itaque numquam et vel vitae.', 3, '2020-07-14 09:01:15', '2020-07-14 09:01:15'),
(225, 35, 'Mrs. Josefa Murphy Sr.', 'Sunt labore consequatur voluptatum veniam. Sed dolorem excepturi quia qui nisi ipsum deleniti. Ducimus et ab molestiae officiis ea.', 4, '2020-07-14 09:01:15', '2020-07-14 09:01:15'),
(226, 30, 'Christina Klein', 'Porro autem corrupti expedita eum qui et. Velit nisi nam quo aut deleniti excepturi. Sit numquam animi quidem ut.', 5, '2020-07-14 09:01:15', '2020-07-14 09:01:15'),
(227, 40, 'Sheldon Sauer', 'Qui recusandae maxime molestiae perspiciatis mollitia tenetur id. Quia totam totam nostrum dolorem. Et est voluptas praesentium nesciunt ducimus. Veniam omnis veritatis blanditiis repudiandae.', 2, '2020-07-14 09:01:15', '2020-07-14 09:01:15'),
(228, 7, 'Dr. Emery Olson DVM', 'Saepe explicabo et reprehenderit voluptatem nulla. Itaque reiciendis nesciunt cum iste omnis. Eos magni magnam qui maiores corrupti enim quo. Repellat delectus in quia reiciendis. Dolores odit rerum incidunt aut.', 2, '2020-07-14 09:01:15', '2020-07-14 09:01:15'),
(229, 25, 'Jaime Erdman', 'Maxime consequuntur laborum dolores voluptate. Beatae doloremque eius est doloribus voluptates. Molestiae nisi deleniti quis illo quis. Voluptatibus eum dolorum cum. Voluptatem est cumque illum hic.', 3, '2020-07-14 09:01:15', '2020-07-14 09:01:15'),
(230, 4, 'Roberto Hansen', 'Ad labore est magni eos. Aut sed est et aut cumque. Sequi quasi amet impedit qui commodi nulla. Sapiente nisi occaecati est minima itaque quo placeat.', 3, '2020-07-14 09:01:15', '2020-07-14 09:01:15'),
(231, 24, 'Prof. Telly Vandervort Jr.', 'Deleniti tempore atque porro nihil possimus rerum similique. Voluptates inventore et impedit amet. Cumque illo non iusto sed ut tenetur. Iure eveniet et aut ipsum molestias.', 5, '2020-07-14 09:01:15', '2020-07-14 09:01:15'),
(232, 20, 'Darion Pagac', 'Est iusto laudantium fuga. Eligendi pariatur qui ea a. Officiis at expedita in itaque praesentium.', 3, '2020-07-14 09:01:15', '2020-07-14 09:01:15'),
(233, 10, 'Alexa Weber V', 'Odio qui exercitationem et et. Excepturi doloremque architecto aut cum odio. Quisquam voluptatem aut esse aut velit numquam. Neque voluptas quaerat cupiditate esse maiores et.', 4, '2020-07-14 09:01:15', '2020-07-14 09:01:15'),
(234, 36, 'Tamia Treutel', 'Commodi voluptates adipisci et accusamus nulla ea voluptatem. Labore qui minus nihil corporis. Incidunt sequi ut molestiae non veniam ea vel. Quod magnam sint commodi asperiores et et.', 5, '2020-07-14 09:01:15', '2020-07-14 09:01:15'),
(235, 3, 'Ms. Simone Friesen Sr.', 'Voluptas non est sed unde distinctio autem quaerat. Quis eius unde aspernatur reiciendis quas laudantium. Ea et harum odio voluptatem nemo. Sequi dolorem nemo eveniet recusandae dignissimos laboriosam quod.', 1, '2020-07-14 09:01:15', '2020-07-14 09:01:15'),
(236, 31, 'George Schiller', 'Repellendus aut perferendis est in et rem eveniet. Eius quam et ab porro veniam et molestias sapiente. Velit ea consequatur eaque illum nostrum quo. Ex quia ipsa modi temporibus sed est.', 1, '2020-07-14 09:01:15', '2020-07-14 09:01:15'),
(237, 4, 'Connor Morissette III', 'Ipsam eum esse enim debitis quia architecto. Et rerum vitae ad eos. Odit sequi ex nihil numquam rerum atque.', 2, '2020-07-14 09:01:15', '2020-07-14 09:01:15'),
(238, 11, 'Sister Cummings DDS', 'Et similique quia sunt. Commodi deserunt sequi quis aliquid maxime eos sed. Autem voluptate iure molestiae recusandae tempora. Facilis ipsum et sed in libero temporibus officiis.', 3, '2020-07-14 09:01:15', '2020-07-14 09:01:15'),
(239, 21, 'Chet Turner I', 'Dolores voluptatem consequatur omnis est omnis culpa. Qui eius adipisci praesentium id. Distinctio illo voluptate laudantium.', 5, '2020-07-14 09:01:15', '2020-07-14 09:01:15'),
(240, 49, 'Dimitri Roob', 'Quia expedita quis delectus eum. Occaecati enim et et perspiciatis ut. Ut repudiandae sed reiciendis reiciendis distinctio. Veniam voluptatem nisi molestiae quis ea. Quis quos quam accusantium omnis inventore id.', 3, '2020-07-14 09:01:15', '2020-07-14 09:01:15'),
(241, 7, 'Reese Skiles', 'Nulla laboriosam quis saepe dicta magni eum id. Mollitia non minima molestias et. Modi atque rerum nam.', 5, '2020-07-14 09:01:15', '2020-07-14 09:01:15'),
(242, 20, 'Gay Senger', 'Quis ex eum dolor quia ex. Qui similique sint ipsam fugiat eligendi est iste consequuntur. Quas illo et labore cum similique exercitationem.', 4, '2020-07-14 09:01:15', '2020-07-14 09:01:15'),
(243, 48, 'Dr. Elroy Yost', 'Perspiciatis dolor totam molestiae et et delectus maiores fugiat. Dignissimos mollitia eos dolore dolorem occaecati culpa velit. Impedit eos inventore dignissimos omnis sit. Odit impedit et inventore aliquid sed dignissimos.', 0, '2020-07-14 09:01:15', '2020-07-14 09:01:15'),
(244, 49, 'Dr. Tad Funk MD', 'Totam at debitis voluptatem quo itaque magnam nostrum. Illum repudiandae dolores voluptate possimus dolor repellendus cumque. Asperiores voluptas cumque voluptatibus eaque hic consequatur velit.', 1, '2020-07-14 09:01:15', '2020-07-14 09:01:15'),
(245, 30, 'Norbert Osinski', 'Sapiente deserunt porro dicta sapiente autem. Odio et commodi nihil qui. Quas harum et ut reiciendis molestiae ipsa. Provident dicta laboriosam sit quae rerum quia qui eos.', 3, '2020-07-14 09:01:15', '2020-07-14 09:01:15'),
(246, 45, 'Haleigh Walker', 'Voluptatum repellat hic maiores quis asperiores ad vel. Incidunt perferendis itaque facilis rerum est. Eveniet magni quae voluptas ea facere nesciunt qui.', 5, '2020-07-14 09:01:15', '2020-07-14 09:01:15'),
(247, 15, 'Mr. Timothy Satterfield DDS', 'Laudantium iure dolores laboriosam inventore architecto tempore dolorem. Consectetur unde non sunt laboriosam. Nam voluptatem amet consequatur.', 0, '2020-07-14 09:01:15', '2020-07-14 09:01:15'),
(248, 36, 'Mrs. Chasity Cremin III', 'Cupiditate non suscipit ut aut maxime necessitatibus. Autem et ullam et ipsa officiis. Sint recusandae at at a voluptatem. Accusantium eveniet est fugit velit.', 4, '2020-07-14 09:01:15', '2020-07-14 09:01:15'),
(249, 30, 'Dr. Greta Nitzsche', 'Qui debitis et nihil modi nobis perferendis. Ut assumenda voluptatem ducimus. Odit repellendus iure impedit repudiandae. Quis odio et sapiente suscipit nostrum voluptatem assumenda.', 0, '2020-07-14 09:01:15', '2020-07-14 09:01:15'),
(250, 38, 'Domenico Jacobson', 'Sed debitis eos quos qui. Omnis voluptate iste voluptatem sint et sapiente similique. Consequatur et occaecati dolores perferendis qui.', 1, '2020-07-14 09:01:15', '2020-07-14 09:01:15'),
(251, 5, 'Kennith Leannon', 'Aut illum et suscipit consequatur. Nisi labore quos animi velit alias est quisquam est. Voluptatem explicabo eius est inventore reiciendis necessitatibus. Ea tempora libero qui voluptas. Corporis est blanditiis et qui alias explicabo labore.', 3, '2020-07-14 09:01:15', '2020-07-14 09:01:15'),
(252, 22, 'Floy Jacobs', 'Aliquam dolor iusto incidunt laudantium. Id numquam ea enim atque vel rerum tempora quisquam. Est laboriosam rerum et.', 2, '2020-07-14 09:01:15', '2020-07-14 09:01:15'),
(253, 40, 'Coleman Roob', 'Quia distinctio voluptatem distinctio rerum voluptatem adipisci. Sit et suscipit earum aliquid voluptas. Voluptatum quos vitae aut blanditiis explicabo iste in.', 1, '2020-07-14 09:01:15', '2020-07-14 09:01:15'),
(254, 13, 'Royal Kessler', 'Dignissimos provident cumque ut explicabo voluptas ut cupiditate omnis. Et asperiores ex enim quia id natus in. Eaque placeat cumque aliquid dolorem.', 5, '2020-07-14 09:01:15', '2020-07-14 09:01:15'),
(255, 34, 'Ms. Aimee Swift DVM', 'Aut id explicabo perspiciatis id quisquam et ut. Omnis reiciendis doloribus eius sunt. Quo numquam laborum labore. Consequuntur eos aliquid quo enim.', 3, '2020-07-14 09:01:15', '2020-07-14 09:01:15'),
(256, 13, 'Justice Corkery Sr.', 'Praesentium est laudantium at. Minima modi dicta reiciendis voluptates at. Sapiente eum aut commodi. Sapiente nemo eos deleniti eaque atque dolorem deserunt.', 2, '2020-07-14 09:01:15', '2020-07-14 09:01:15'),
(257, 20, 'Enid Reichert', 'Qui vero voluptatem aspernatur consectetur exercitationem. Voluptatem autem aut expedita libero debitis expedita nesciunt. Nihil earum iusto consequuntur non velit ipsa.', 5, '2020-07-14 09:01:15', '2020-07-14 09:01:15'),
(258, 33, 'Paula Schneider', 'Dicta ea eligendi ut ducimus. Excepturi optio numquam deserunt explicabo soluta ipsa atque.', 4, '2020-07-14 09:01:15', '2020-07-14 09:01:15'),
(259, 46, 'Prof. Amani Turner DDS', 'Pariatur totam dolor doloribus consequatur pariatur quis incidunt ut. Nesciunt et aliquam vel dolorum maxime ut. Minus deleniti incidunt optio natus iure.', 0, '2020-07-14 09:01:15', '2020-07-14 09:01:15'),
(260, 37, 'Ms. Elza Schamberger', 'Alias et dolores eveniet qui cupiditate libero. Facere quis quia ea natus non dolores dolorum officia. Accusamus vero consequatur soluta autem totam eveniet modi dolor.', 1, '2020-07-14 09:01:15', '2020-07-14 09:01:15'),
(261, 3, 'Landen McCullough', 'Rerum fuga maiores culpa nobis voluptatem quisquam voluptas. Nihil numquam ab in rerum voluptates odio quo.', 2, '2020-07-14 09:01:15', '2020-07-14 09:01:15'),
(262, 48, 'Mrs. Mina Bashirian', 'In non esse est suscipit laboriosam. Labore maxime officia odit sit vero nisi. Adipisci soluta eveniet non dolores perferendis ut quasi. Reprehenderit numquam expedita omnis iste enim ut.', 1, '2020-07-14 09:01:15', '2020-07-14 09:01:15'),
(263, 47, 'Ms. Alycia Gutkowski', 'Maiores commodi at sint dolor. Iste sed voluptatem ut odio provident facere perspiciatis. Exercitationem est omnis fuga recusandae omnis eligendi aliquid est. Temporibus sit aliquam blanditiis velit voluptatem. Perspiciatis quas et ratione cumque.', 1, '2020-07-14 09:01:15', '2020-07-14 09:01:15'),
(264, 29, 'Dr. Lorenzo Hackett IV', 'Incidunt exercitationem odio harum omnis. Earum velit dignissimos voluptatum aliquam ex excepturi aut. Autem minus saepe nemo quia ipsa rerum.', 0, '2020-07-14 09:01:15', '2020-07-14 09:01:15'),
(265, 48, 'Brian Gerhold', 'Est delectus cum eveniet iusto sunt. Harum exercitationem numquam voluptatem sed est voluptatem. Amet culpa dolores consequuntur et.', 5, '2020-07-14 09:01:15', '2020-07-14 09:01:15'),
(266, 30, 'Mrs. Mable Lueilwitz MD', 'Repellat aperiam fugit aliquid et sit reprehenderit. Sunt blanditiis deleniti et dignissimos. Et est aut quaerat voluptatem. Est quaerat facere labore dolores.', 3, '2020-07-14 09:01:15', '2020-07-14 09:01:15'),
(267, 44, 'Laurine O\'Kon', 'Quidem doloremque eum ducimus eos qui qui. Ducimus quod magni et facere ea dolor dignissimos. Libero odit eum nesciunt in omnis.', 4, '2020-07-14 09:01:15', '2020-07-14 09:01:15'),
(268, 38, 'Isabelle Mayert', 'Blanditiis esse quia non iusto dolorum saepe ut nisi. Aut maiores voluptatum doloribus veritatis nihil.', 1, '2020-07-14 09:01:15', '2020-07-14 09:01:15'),
(269, 14, 'Louvenia Wehner', 'Neque corrupti autem unde eum deserunt. Ratione alias vitae pariatur nihil tempore ex minus. Iure facilis velit temporibus nulla. Omnis mollitia distinctio qui tenetur laudantium sed nemo officia.', 5, '2020-07-14 09:01:15', '2020-07-14 09:01:15'),
(270, 8, 'Sanford Aufderhar', 'Ea dolores animi veniam quia reprehenderit est. Similique ex aut velit itaque.', 2, '2020-07-14 09:01:15', '2020-07-14 09:01:15'),
(271, 41, 'Amos Stamm', 'Qui illum quis beatae architecto quod suscipit. Et et minus numquam consequatur. Animi quo nostrum perferendis sit. Cumque optio ea dolore ex illum aspernatur alias.', 5, '2020-07-14 09:01:15', '2020-07-14 09:01:15'),
(272, 5, 'Chloe Johnston I', 'Aspernatur labore atque ipsum pariatur id quo consequatur assumenda. Non dolor perspiciatis magnam architecto dolorum et. Veritatis reiciendis sit quia mollitia.', 2, '2020-07-14 09:01:15', '2020-07-14 09:01:15'),
(273, 5, 'Dr. Flo Herman', 'Rerum repudiandae voluptas dolore corporis vero assumenda. Molestiae debitis nemo ducimus dolore. Ut ad suscipit earum quasi repellendus mollitia quis. Eaque totam sed possimus sed.', 2, '2020-07-14 09:01:15', '2020-07-14 09:01:15'),
(274, 33, 'Tania Kirlin III', 'Aut dolorem quasi deserunt est voluptatem nisi et blanditiis. Velit a quas delectus rem id expedita debitis sit. Et saepe quia dolores et.', 0, '2020-07-14 09:01:15', '2020-07-14 09:01:15'),
(275, 4, 'Kira Johnston', 'Dolore maiores deserunt labore quaerat ea labore qui sed. Sed voluptatum est quas pariatur voluptas sequi animi. Ex cupiditate earum magnam sed exercitationem et. Illo maiores architecto porro provident ut.', 0, '2020-07-14 09:01:15', '2020-07-14 09:01:15'),
(276, 32, 'Cecilia Oberbrunner DDS', 'Quos a est repudiandae laboriosam ut soluta quidem. Nostrum possimus aut quia non ab mollitia. Error quia suscipit praesentium voluptatem. Voluptatem porro nobis ut est vel voluptas tempore.', 5, '2020-07-14 09:01:15', '2020-07-14 09:01:15'),
(277, 24, 'Marguerite Yundt PhD', 'Doloribus tenetur ut assumenda odio maxime exercitationem. Illum numquam est molestias culpa explicabo at et.', 4, '2020-07-14 09:01:15', '2020-07-14 09:01:15'),
(278, 18, 'Bernadette Hane', 'Harum atque impedit omnis incidunt eum suscipit. Consectetur animi nisi quae rerum quis molestiae eos. Doloremque porro et sed veniam consequatur iusto.', 4, '2020-07-14 09:01:15', '2020-07-14 09:01:15'),
(279, 24, 'Mariane McClure', 'Nulla nobis pariatur voluptatem quos. Quo vel fugit non inventore. Pariatur culpa voluptatem voluptatum enim accusantium est. Vel et rerum quo odit voluptatem autem.', 0, '2020-07-14 09:01:15', '2020-07-14 09:01:15'),
(280, 35, 'Miss Kiera Wisozk', 'Rerum sequi neque voluptatem nemo perspiciatis sit voluptates. Illum quam sapiente aut asperiores et. Harum molestiae neque ad. Non omnis perspiciatis ut sapiente mollitia.', 1, '2020-07-14 09:01:15', '2020-07-14 09:01:15'),
(281, 30, 'Sandrine Becker', 'Qui autem architecto quas quia reiciendis pariatur ipsa laudantium. Pariatur id sapiente reprehenderit quia mollitia sit.', 5, '2020-07-14 09:01:15', '2020-07-14 09:01:15'),
(282, 44, 'Prof. Anais Upton I', 'Temporibus eius culpa optio consequatur reprehenderit ea nihil. Nesciunt qui non provident voluptatem ea. Nostrum quas nihil quia exercitationem. Nulla qui sunt laboriosam et voluptatem.', 0, '2020-07-14 09:01:15', '2020-07-14 09:01:15'),
(283, 12, 'Dr. Everett Dickens Sr.', 'Sed error qui reiciendis dolor tempore. Aut quo dolores in architecto non sint. Illum rerum eaque qui distinctio et odio enim expedita.', 0, '2020-07-14 09:01:15', '2020-07-14 09:01:15'),
(284, 24, 'Dr. Hilma Blanda', 'Porro facere dolores placeat temporibus laboriosam. Maiores ut rerum nemo sequi culpa voluptatem officia repellat. Non delectus corrupti facere.', 0, '2020-07-14 09:01:15', '2020-07-14 09:01:15'),
(285, 13, 'Dr. Edd Monahan', 'Adipisci cupiditate maxime earum saepe iusto ut. Incidunt sit qui saepe nesciunt. Cum magni aliquam qui quis.', 2, '2020-07-14 09:01:15', '2020-07-14 09:01:15'),
(286, 20, 'Ivy Brekke Sr.', 'Debitis itaque ipsum est accusantium quasi perspiciatis. Ut cum perspiciatis optio cupiditate asperiores veniam. Qui vitae optio non labore qui beatae voluptas ut. Et non velit sunt facilis mollitia necessitatibus.', 3, '2020-07-14 09:01:15', '2020-07-14 09:01:15'),
(287, 17, 'Dr. Santos Mitchell DVM', 'Accusantium tempora quam et ullam dignissimos neque. Nisi saepe maiores excepturi culpa quae. Nisi tempora sint qui deserunt facere et sint nulla.', 1, '2020-07-14 09:01:15', '2020-07-14 09:01:15'),
(288, 17, 'Dr. Ashlee Dooley', 'Autem quo odio aspernatur labore ea. Asperiores distinctio voluptatem omnis et nulla quibusdam. Saepe doloremque et omnis voluptatem.', 4, '2020-07-14 09:01:15', '2020-07-14 09:01:15'),
(289, 19, 'Aditya Collier', 'Dolore dolorem iusto possimus ea. Quia maxime incidunt nobis ea molestiae corporis. Commodi et eum quis ut nulla voluptatem aut minus.', 0, '2020-07-14 09:01:15', '2020-07-14 09:01:15'),
(290, 27, 'Thora Kassulke', 'Non eveniet voluptate sit atque minus maxime. Velit ullam aut omnis. Quaerat itaque omnis magnam autem nesciunt. Aut excepturi quia eos praesentium at autem.', 3, '2020-07-14 09:01:15', '2020-07-14 09:01:15'),
(291, 11, 'Dr. Freeman Heller Jr.', 'Reiciendis enim explicabo placeat voluptas aliquid quibusdam repellendus. Rerum rerum qui minima omnis. Aperiam totam id earum possimus soluta possimus. Laudantium voluptatibus distinctio minima sapiente.', 0, '2020-07-14 09:01:15', '2020-07-14 09:01:15'),
(292, 6, 'Dr. Lura Romaguera', 'Minima in fugit velit eum esse. Soluta eligendi molestiae illum pariatur quisquam laborum minima aliquam. Possimus dolore sequi nesciunt aut tempora ea voluptate. Dolorem est perferendis omnis aperiam sunt rem ipsam distinctio.', 3, '2020-07-14 09:01:15', '2020-07-14 09:01:15'),
(293, 11, 'Luz Luettgen', 'Quidem similique sunt nostrum aut accusantium ipsum dolor qui. Ut et harum maiores est sunt molestiae minima. Qui sed eaque in id id similique officia.', 5, '2020-07-14 09:01:15', '2020-07-14 09:01:15'),
(294, 18, 'Dr. Benton Miller DVM', 'Unde id magni repudiandae pariatur magnam voluptatem. Quo ratione eius culpa. Officia iste molestiae tenetur cumque et veniam reprehenderit. Adipisci eos quo voluptatem eum tempora ad.', 0, '2020-07-14 09:01:15', '2020-07-14 09:01:15'),
(295, 15, 'Diego Heidenreich V', 'Tempora laboriosam dolorem error consequatur voluptas assumenda velit. Non velit autem totam veniam dolor. Sunt consectetur eum quis. Iure possimus officia nihil sed impedit.', 1, '2020-07-14 09:01:15', '2020-07-14 09:01:15'),
(296, 13, 'Dr. Haleigh Schulist PhD', 'Sequi illum fuga rerum dolores. Eius ipsum doloribus aut. Excepturi quia numquam voluptatum voluptatem nesciunt similique et.', 3, '2020-07-14 09:01:15', '2020-07-14 09:01:15'),
(297, 15, 'Waldo Terry', 'Facilis assumenda et hic rerum amet. Qui et est et dolorum totam sed nisi natus. Et nihil veniam saepe est quod odio. Id tempore maxime cum qui. Iste unde minima quidem assumenda repudiandae non vero est.', 1, '2020-07-14 09:01:15', '2020-07-14 09:01:15'),
(298, 2, 'Dr. Leopold Steuber', 'Quo molestiae ut distinctio iste nihil accusamus ut. Voluptas et et consequuntur. Inventore similique voluptatem sed est.', 4, '2020-07-14 09:01:15', '2020-07-14 09:01:15'),
(299, 8, 'Titus Mayert', 'Non vel quam qui itaque ad quidem. Minus omnis nemo maxime hic. Tempore molestias quia laudantium voluptas repudiandae.', 4, '2020-07-14 09:01:15', '2020-07-14 09:01:15'),
(300, 38, 'Bart Metz', 'Reprehenderit accusamus placeat dolor at. Adipisci omnis expedita inventore voluptatem eaque et qui. Quas omnis at qui doloribus.', 5, '2020-07-14 09:01:15', '2020-07-14 09:01:15');

-- --------------------------------------------------------

--
-- Table structure for table `users`
--

CREATE TABLE `users` (
  `id` bigint(20) UNSIGNED NOT NULL,
  `name` varchar(191) COLLATE utf8mb4_unicode_ci NOT NULL,
  `email` varchar(191) COLLATE utf8mb4_unicode_ci NOT NULL,
  `email_verified_at` timestamp NULL DEFAULT NULL,
  `password` varchar(191) COLLATE utf8mb4_unicode_ci NOT NULL,
  `remember_token` varchar(100) COLLATE utf8mb4_unicode_ci DEFAULT NULL,
  `created_at` timestamp NULL DEFAULT NULL,
  `updated_at` timestamp NULL DEFAULT NULL
) ENGINE=InnoDB DEFAULT CHARSET=utf8mb4 COLLATE=utf8mb4_unicode_ci;

--
-- Indexes for dumped tables
--

--
-- Indexes for table `migrations`
--
ALTER TABLE `migrations`
  ADD PRIMARY KEY (`id`);

--
-- Indexes for table `password_resets`
--
ALTER TABLE `password_resets`
  ADD KEY `password_resets_email_index` (`email`);

--
-- Indexes for table `products`
--
ALTER TABLE `products`
  ADD PRIMARY KEY (`id`);

--
-- Indexes for table `reviews`
--
ALTER TABLE `reviews`
  ADD PRIMARY KEY (`id`),
  ADD KEY `reviews_product_id_index` (`product_id`);

--
-- Indexes for table `users`
--
ALTER TABLE `users`
  ADD PRIMARY KEY (`id`),
  ADD UNIQUE KEY `users_email_unique` (`email`);

--
-- AUTO_INCREMENT for dumped tables
--

--
-- AUTO_INCREMENT for table `migrations`
--
ALTER TABLE `migrations`
  MODIFY `id` int(10) UNSIGNED NOT NULL AUTO_INCREMENT, AUTO_INCREMENT=5;

--
-- AUTO_INCREMENT for table `products`
--
ALTER TABLE `products`
  MODIFY `id` int(10) UNSIGNED NOT NULL AUTO_INCREMENT, AUTO_INCREMENT=51;

--
-- AUTO_INCREMENT for table `reviews`
--
ALTER TABLE `reviews`
  MODIFY `id` int(10) UNSIGNED NOT NULL AUTO_INCREMENT, AUTO_INCREMENT=301;

--
-- AUTO_INCREMENT for table `users`
--
ALTER TABLE `users`
  MODIFY `id` bigint(20) UNSIGNED NOT NULL AUTO_INCREMENT;

--
-- Constraints for dumped tables
--

--
-- Constraints for table `reviews`
--
ALTER TABLE `reviews`
  ADD CONSTRAINT `reviews_product_id_foreign` FOREIGN KEY (`product_id`) REFERENCES `products` (`id`) ON DELETE CASCADE;
COMMIT;

/*!40101 SET CHARACTER_SET_CLIENT=@OLD_CHARACTER_SET_CLIENT */;
/*!40101 SET CHARACTER_SET_RESULTS=@OLD_CHARACTER_SET_RESULTS */;
/*!40101 SET COLLATION_CONNECTION=@OLD_COLLATION_CONNECTION */;
